question,prompt_used,target_answer,predicted_answer,is_correct,latency_ms,subject,emotion
"Positronium is an atom formed by an electron and a positron (antielectron). It is similar to the hydrogen atom, with the positron replacing the proton. If a positronium atom makes a transition from the state with n=3 to a state with n=1, the energy of the photon emitted in this transition is closest to","Question: Positronium is an atom formed by an electron and a positron (antielectron). It is similar to the hydrogen atom, with the positron replacing the proton. If a positronium atom makes a transition from the state with n=3 to a state with n=1, the energy of the photon emitted in this transition is closest to

Options:
A. 6.0 e
B. 6.8 eV
C. 12.2 eV
D. 13.6 eV

Respond ONLY with one letter.
Valid answers: A, B, C or D.
Answer:",0,To solve,False,9307.44,college_physics,original
The regional lymphatic drainage of the left side of the tip of the tongue is to the,"Question: The regional lymphatic drainage of the left side of the tip of the tongue is to the

Options:
A. left submental lymph node.
B. left and right submental lymph nodes.
C. left submandibular lymph node.
D. left and right submandibular lymph nodes.

Respond ONLY with one letter.
Valid answers: A, B, C or D.
Answer:",1,B.,True,4980.46,anatomy,original
"A school board of a large school district is proposing a new dress code for students. Some students feel that this dress code unfairly targets female students. To see if there is a difference between boys and girls in their opposition to the new dress code, they conduct a poll of 60 randomly selected male and 70 randomly selected female high school students in the district. They find that 66 females oppose the dress code and 50 males oppose the dress code. Which of the following explains why a two-proportion z-test is not appropriate?","Question: A school board of a large school district is proposing a new dress code for students. Some students feel that this dress code unfairly targets female students. To see if there is a difference between boys and girls in their opposition to the new dress code, they conduct a poll of 60 randomly selected male and 70 randomly selected female high school students in the district. They find that 66 females oppose the dress code and 50 males oppose the dress code. Which of the following explains why a two-proportion z-test is not appropriate?

Options:
A. The sample sizes are different.
B. The sample sizes are too large.
C. The number of successes and the number of failures for the two groups are not all large enough.
D. The shapes of the population distributions are not known.

Respond ONLY with one letter.
Valid answers: A, B, C or D.
Answer:",2,C,True,10076.69,high_school_statistics,original
What rank entitles a general in the US Army to wear three stars?,"Question: What rank entitles a general in the US Army to wear three stars?

Options:
A. brigadier general
B. corporal general
C. lieutenant general
D. major general

Respond ONLY with one letter.
Valid answers: A, B, C or D.
Answer:",2,D.,False,3905.17,miscellaneous,original
What was NOT a deciding factor in the development of Mesopotamian civilization?,"Question: What was NOT a deciding factor in the development of Mesopotamian civilization?

Options:
A. the need to concentrate population away from arable lands near rivers
B. the need to construct monumental works, such as step-pyramids and temples
C. the need to develop a complex social system that would allow the construction of canals
D. the use of irrigation to produce enough food

Respond ONLY with one letter.
Valid answers: A, B, C or D.
Answer:",0,B,False,6664.15,prehistory,original
To what extent have biological agents been weaponized?,"Question: To what extent have biological agents been weaponized?

Options:
A. Military professionals believe that the majority of biological agents can be sufficiently stable in their effects to be used as a weapon. Resource requirements would be minimal as fermenters used to make vaccines could be converted for military production and relatively small quantities of the agent are required to produce highly lethal effects, making them an efficient and effective weapon.
B. Construction of the means to transmit biological weapons in warfare has focused on the use of vectors, for example lice, fleas, or mosquitoes, as a mode of transmission as a military weapon. These are favoured because the target would find it difficult to contain the source of the outbreak, placing the infrastructure of the target country under strain.
C. Biological agents comprise bacteria, viral, and toxin agents. However, not every disease provides the basis for an effective biological weapon. An agent's storage, delivery, mode of transmission and its very resilience can shape its effects on a target population.
D. Inoculation programs against naturally occurring disease have eradicated the potential for viral agents to cause a global pandemic. Vaccination capabilities have undermined calls for the weaponization of viral agents made by some military strategists as most public health authorities have in place programs to deal with a possible outbreak.

Respond ONLY with one letter.
Valid answers: A, B, C or D.
Answer:",2,A,False,21100.59,security_studies,original
"In the atomic nucleus, electrical forces tend to","Question: In the atomic nucleus, electrical forces tend to

Options:
A. hold particles together
B. push particles apart
C. produce orbital motion
D. charge particles

Respond ONLY with one letter.
Valid answers: A, B, C or D.
Answer:",1,A.,False,4891.14,conceptual_physics,original
Which of the following is not part of the external marketing environment?,"Question: Which of the following is not part of the external marketing environment?

Options:
A. Political.
B. Legal.
C. Product.
D. Socio-cultural.

Respond ONLY with one letter.
Valid answers: A, B, C or D.
Answer:",2,C.,True,4174.21,marketing,original
"On January 1, a seller entered into an agreement of sale to convey his farm to a buyer. According to the contract, settlement (or closing) was to take place on March 1 of the same year. On January 20, a barn on the property was destroyed by fire. When the buyer was notified of the loss the following day, he contacted the seller and told him that the deal was off because of the fire. As a result, the buyer filed suit against the seller on January 25 for a refund of his down payment of $5,000. In his suit, the buyer will be unsuccessful and will be obliged to complete the contract if the court determines that on January 20","Question: On January 1, a seller entered into an agreement of sale to convey his farm to a buyer. According to the contract, settlement (or closing) was to take place on March 1 of the same year. On January 20, a barn on the property was destroyed by fire. When the buyer was notified of the loss the following day, he contacted the seller and told him that the deal was off because of the fire. As a result, the buyer filed suit against the seller on January 25 for a refund of his down payment of $5,000. In his suit, the buyer will be unsuccessful and will be obliged to complete the contract if the court determines that on January 20

Options:
A. the buyer held the legal title to the farm.
B. the seller held the legal title to the farm.
C. the buyer held the equitable title to the farm.
D. the seller held the equitable title to the farm.

Respond ONLY with one letter.
Valid answers: A, B, C or D.
Answer:",2,B.,False,18109.64,professional_law,original
The focus of liberal feminists on equality is denounced by radical feminists as mistaken because:,"Question: The focus of liberal feminists on equality is denounced by radical feminists as mistaken because:

Options:
A. It treats women as objects.
B. It makes women into men.
C. It reduces feminism to a political movement.
D. It overlooks the historical struggle of women for justice.

Respond ONLY with one letter.
Valid answers: A, B, C or D.
Answer:",1,D,False,4919.74,jurisprudence,original
"For which of these two scenarios does the main character (who uses I/me/my) do something clearly morally wrong, according to ordinary moral standards in the US as of 2020? Scenario 1 | I dried the fine china with the laundromat dryer. Scenario 2 | I went to the sea to go fishing for dolphins.","Question: For which of these two scenarios does the main character (who uses I/me/my) do something clearly morally wrong, according to ordinary moral standards in the US as of 2020? Scenario 1 | I dried the fine china with the laundromat dryer. Scenario 2 | I went to the sea to go fishing for dolphins.

Options:
A. Wrong, Wrong
B. Wrong, Not wrong
C. Not wrong, Wrong
D. Not wrong, Not wrong

Respond ONLY with one letter.
Valid answers: A, B, C or D.
Answer:",0,B,False,7211.85,moral_scenarios,original
Watson and Noble (2005) lay out a five-step model for circular evaluation. At which step should pre-testing of strategy and tactics be carried out?,"Question: Watson and Noble (2005) lay out a five-step model for circular evaluation. At which step should pre-testing of strategy and tactics be carried out?

Options:
A. 1
B. 2
C. 3
D. 4

Respond ONLY with one letter.
Valid answers: A, B, C or D.
Answer:",2,B,False,5153.38,public_relations,original
Statutes are often called ________ law.,"Question: Statutes are often called ________ law.

Options:
A. quasi
B. qualified
C. collaborated
D. codified

Respond ONLY with one letter.
Valid answers: A, B, C or D.
Answer:",3,D.,True,4320.87,jurisprudence,original
What type of organisational culture is most likely to deliver stability and efficiency?,"Question: What type of organisational culture is most likely to deliver stability and efficiency?

Options:
A. Task culture
B. Role culture
C. Power culture
D. People culture

Respond ONLY with one letter.
Valid answers: A, B, C or D.
Answer:",1,B.,True,4767.23,management,original
"Emma is browsing a popular website when she runs across the story of a well-known actor who was recently pulled over for speeding and driving down the wrong side of the street. It turns out he had been drinking, and the arresting police officer found drugs in the car. The actor's publicist issued a statement claiming the actor was just tired and that the drugs belonged to someone else. Emma can't help having the impression that all public relations are ________ and occur only after something negative has occurred.","Question: Emma is browsing a popular website when she runs across the story of a well-known actor who was recently pulled over for speeding and driving down the wrong side of the street. It turns out he had been drinking, and the arresting police officer found drugs in the car. The actor's publicist issued a statement claiming the actor was just tired and that the drugs belonged to someone else. Emma can't help having the impression that all public relations are ________ and occur only after something negative has occurred.

Options:
A. proactive
B. reactive
C. manipulative
D. manipulative

Respond ONLY with one letter.
Valid answers: A, B, C or D.
Answer:",1,B.,True,8194.89,public_relations,original
"A man borrowed $150,000 from a bank to remodel his home and executed a promissory note agreeing to repay the loan over a 10-year period. The loan was secured by a mortgage on the home. The bank promptly recorded the mortgage, which was the only lien on the home at that time. Several months later, the man borrowed $40,000 from his mother in order to purchase a new truck and gave his mother a mortgage on the home to secure repayment of the debt. The mother promptly recorded the mortgage. The man later lost his job and was struggling to make loan payments to both the bank and his mother. To accommodate the man's financial situation, the bank extended the amortization period of its loan to substantially reduce the amount of each monthly payment. The bank did not alter the interest rate or increase the principal amount of the loan. At the time of the modification of the bank loan, the man was not in default in his payments to his mother. Neither the bank nor the man informed the mother of the modification of the bank loan. After the man later missed five payments to his mother, she commenced a foreclosure action. While the action was pending, the mother learned of the bank's loan modification. The mother asserted that her mortgage had become a first lien on the home and that the bank's mortgage had become a second lien. Is the mother's assertion correct?","Question: A man borrowed $150,000 from a bank to remodel his home and executed a promissory note agreeing to repay the loan over a 10-year period. The loan was secured by a mortgage on the home. The bank promptly recorded the mortgage, which was the only lien on the home at that time. Several months later, the man borrowed $40,000 from his mother in order to purchase a new truck and gave his mother a mortgage on the home to secure repayment of the debt. The mother promptly recorded the mortgage. The man later lost his job and was struggling to make loan payments to both the bank and his mother. To accommodate the man's financial situation, the bank extended the amortization period of its loan to substantially reduce the amount of each monthly payment. The bank did not alter the interest rate or increase the principal amount of the loan. At the time of the modification of the bank loan, the man was not in default in his payments to his mother. Neither the bank nor the man informed the mother of the modification of the bank loan. After the man later missed five payments to his mother, she commenced a foreclosure action. While the action was pending, the mother learned of the bank's loan modification. The mother asserted that her mortgage had become a first lien on the home and that the bank's mortgage had become a second lien. Is the mother's assertion correct?

Options:
A. No, because the bank's loan modification was not detrimental to the rights of the mother.
B. No, because the man was not in default in his payments to his mother at the time of the bank's loan modification.
C. Yes, because the bank's loan modification was made without the mother's prior consent.
D. Yes, because the bank's loan modification was material.

Respond ONLY with one letter.
Valid answers: A, B, C or D.
Answer:",0,D.,False,35583.9,professional_law,original
"White light is normally incident on a puddle of water (index of refraction 1.33). A thin (500 nm) layer of oil (index of refraction 1.5) floats on the surface of the puddle. Of the following, the most strongly reflected wavelength is","Question: White light is normally incident on a puddle of water (index of refraction 1.33). A thin (500 nm) layer of oil (index of refraction 1.5) floats on the surface of the puddle. Of the following, the most strongly reflected wavelength is

Options:
A. 500 nm
B. 550 nm
C. 600 nm
D. 650 nm

Respond ONLY with one letter.
Valid answers: A, B, C or D.
Answer:",2,To solve,False,7019.11,college_physics,original
A person who recognizes a need to change certain behavior but exhibits ambivalence would most likely be in which stage of change?,"Question: A person who recognizes a need to change certain behavior but exhibits ambivalence would most likely be in which stage of change?

Options:
A. Precontemplation stage
B. Indicative stage
C. Contemplation stage
D. Maintenance stage

Respond ONLY with one letter.
Valid answers: A, B, C or D.
Answer:",2,A.,False,5072.51,professional_psychology,original
"A graduate of law school received notice that she had successfully passed the bar exam. To celebrate passing, the graduate went out with a few friends to a popular campus bar. The graduate's friend ordered a round of Hula Girls for everyone. A Hula Girl is an extremely potent alcoholic drink consisting. of 2 ounces of dry gin, 1 ounce of French vermouth, and 1 teaspoon of grenadine. After the drink is mixed, it is then served in a glass with an inverted lemon peel, which is cut at the ends to represent a grass skirt. Although the graduate had never heard of a Hula Girl, she was in a festive mood and drank it, anyway. A few minutes later, the graduate became very dizzy and attempted to stand up from the barstool. As she tried to walk to the restroom, she became nauseated and vomited over a customer sitting at a nearby table. The customer was embarrassed and greatly humiliated by the incident. If the customer asserts a claim against the graduate, the plaintiff will most likely","Question: A graduate of law school received notice that she had successfully passed the bar exam. To celebrate passing, the graduate went out with a few friends to a popular campus bar. The graduate's friend ordered a round of Hula Girls for everyone. A Hula Girl is an extremely potent alcoholic drink consisting. of 2 ounces of dry gin, 1 ounce of French vermouth, and 1 teaspoon of grenadine. After the drink is mixed, it is then served in a glass with an inverted lemon peel, which is cut at the ends to represent a grass skirt. Although the graduate had never heard of a Hula Girl, she was in a festive mood and drank it, anyway. A few minutes later, the graduate became very dizzy and attempted to stand up from the barstool. As she tried to walk to the restroom, she became nauseated and vomited over a customer sitting at a nearby table. The customer was embarrassed and greatly humiliated by the incident. If the customer asserts a claim against the graduate, the plaintiff will most likely

Options:
A. prevail, because the graduate's conduct was extreme and outrageous.
B. prevail, because an offensive touching resulted.
C. not prevail, because the graduate's actions were involuntary.
D. not prevail, because the graduate was unaware what she was drinking.

Respond ONLY with one letter.
Valid answers: A, B, C or D.
Answer:",2,C,True,24496.35,professional_law,original
 Which of the following are the three broad groups of organizational characteristics segmentation criteria?,"Question:  Which of the following are the three broad groups of organizational characteristics segmentation criteria?

Options:
A. Organizational size, industry type, and gender.
B. Psychographics, purchaser, and behavioural criteria.
C. Organizational size, industry type, and geographical location.
D. None of the above.

Respond ONLY with one letter.
Valid answers: A, B, C or D.
Answer:",2,C.,True,5128.99,marketing,original
Which of the following scans can image brain function?,"Question: Which of the following scans can image brain function?

Options:
A. I only
B. II only
C. III only
D. II and III only

Respond ONLY with one letter.
Valid answers: A, B, C or D.
Answer:",2,D,False,4705.01,high_school_psychology,original
"This question refers to the following information.
It is natural, it is a privilege, I will go farther, it is a right, which all free men claim, that they are entitled to complain when they are hurt. They have a right publicly to remonstrate against the abuses of power in the strongest terms, to put their neighbors upon their guard against the craft or open violence of men in authority, and to assert with courage the sense they have of the blessings of liberty, the value they put upon it, and their resolution at all hazards to preserve it as one of the greatest blessings heaven can bestow.… But to conclude: The question before the Court and you, Gentlemen of the jury, is not of small or private concern. It is not the cause of one poor printer, nor of New York alone, which you are now trying. No! It may in its consequence affect every free man that lives under a British government on the main of America. It is the best cause. It is the cause of liberty. And I make no doubt but your upright conduct this day will not only entitle you to the love and esteem of your fellow citizens, but every man who prefers freedom to a life of slavery will bless and honor you as men who have baffled the attempt of tyranny, and by an impartial and uncorrupt verdict have laid a noble foundation for securing to ourselves, our posterity, and our neighbors, that to which nature and the laws of our country have given us a right to liberty of both exposing and opposing arbitrary power (in these parts of the world at least) by speaking and writing truth.
—Andrew Hamilton, concluding argument, libel trial of newspaper editor
John Peter Zenger, August 4, 1735
The Zenger Case can best be compared to which of the following?","Question: This question refers to the following information.
It is natural, it is a privilege, I will go farther, it is a right, which all free men claim, that they are entitled to complain when they are hurt. They have a right publicly to remonstrate against the abuses of power in the strongest terms, to put their neighbors upon their guard against the craft or open violence of men in authority, and to assert with courage the sense they have of the blessings of liberty, the value they put upon it, and their resolution at all hazards to preserve it as one of the greatest blessings heaven can bestow.… But to conclude: The question before the Court and you, Gentlemen of the jury, is not of small or private concern. It is not the cause of one poor printer, nor of New York alone, which you are now trying. No! It may in its consequence affect every free man that lives under a British government on the main of America. It is the best cause. It is the cause of liberty. And I make no doubt but your upright conduct this day will not only entitle you to the love and esteem of your fellow citizens, but every man who prefers freedom to a life of slavery will bless and honor you as men who have baffled the attempt of tyranny, and by an impartial and uncorrupt verdict have laid a noble foundation for securing to ourselves, our posterity, and our neighbors, that to which nature and the laws of our country have given us a right to liberty of both exposing and opposing arbitrary power (in these parts of the world at least) by speaking and writing truth.
—Andrew Hamilton, concluding argument, libel trial of newspaper editor
John Peter Zenger, August 4, 1735
The Zenger Case can best be compared to which of the following?

Options:
A. Abraham Lincoln's suspension of habeas corpus during the Civil War
B. Government efforts to prevent the publication of the Pentagon Papers in 1971
C. The trial of the accused Haymarket Square bombers in 1886
D. The Brown v. Board of Education Supreme Court decision of 1954

Respond ONLY with one letter.
Valid answers: A, B, C or D.
Answer:",1,B,True,49206.71,high_school_us_history,original
"Before a federal court may address a case, it has to be justiciable, i.e., involve a case or controversy. Which of the following is not an additional limitation on federal court jurisdiction?","Question: Before a federal court may address a case, it has to be justiciable, i.e., involve a case or controversy. Which of the following is not an additional limitation on federal court jurisdiction?

Options:
A. It has to result in an advisory opinion
B. The issue has to be ripe
C. The issue can't be moot
D. A person must have a concrete stake in the outcome.

Respond ONLY with one letter.
Valid answers: A, B, C or D.
Answer:",0,A,True,6940.34,professional_law,original
"In the author's two-hour movie representing the history of the universe, when do the earliest members of the human family appear?","Question: In the author's two-hour movie representing the history of the universe, when do the earliest members of the human family appear?

Options:
A. at the beginning of the film
B. about half way through the film
C. 90 minutes into the film
D. during the final 3 seconds of the film

Respond ONLY with one letter.
Valid answers: A, B, C or D.
Answer:",3,C,False,5719.36,prehistory,original
Stephen is going through his second divorce. He thinks that no woman will ever love him again. His therapist points out to Stephen that his thinking is irrational and faulty. Which of the following therapies is the therapist employing?,"Question: Stephen is going through his second divorce. He thinks that no woman will ever love him again. His therapist points out to Stephen that his thinking is irrational and faulty. Which of the following therapies is the therapist employing?

Options:
A. psychoanalysis
B. systematic desensitization
C. flooding
D. rational emotive

Respond ONLY with one letter.
Valid answers: A, B, C or D.
Answer:",3,D.,True,5515.62,high_school_psychology,original
Who was the first American president to visit communist China?,"Question: Who was the first American president to visit communist China?

Options:
A. Richard Nixon
B. George H. W. Bush
C. Jimmy Carter
D. Ronald Reagan

Respond ONLY with one letter.
Valid answers: A, B, C or D.
Answer:",0,A.,True,4600.69,us_foreign_policy,original
"____________ refers to a strategic process involving stakeholder assessment to create long-term relationships with customers, while maintaining, supporting, and enhancing the natural environment.","Question: ____________ refers to a strategic process involving stakeholder assessment to create long-term relationships with customers, while maintaining, supporting, and enhancing the natural environment.

Options:
A. Eco-strategy
B. Green Marketing
C. Superfund reauthorization
D. Recycle and reprocess management

Respond ONLY with one letter.
Valid answers: A, B, C or D.
Answer:",1,B.,True,5340.03,business_ethics,original
"This question refers to the following information.
""If you analyze it I believe the very heart and soul of conservatism is libertarianism. I think conservatism is really a misnomer just as liberalism is a misnomer for the liberals—if we were back in the days of the Revolution, so-called conservatives today would be the Liberals and the liberals would be the Tories. The basis of conservatism is a desire for less government interference or less centralized authority or more individual freedom and this is a pretty general description also of what libertarianism is. Now, I can't say that I will agree with all the things that the present group who call themselves Libertarians in the sense of a party say, because I think that like in any political movement there are shades, and there are libertarians who are almost over at the point of wanting no government at all or anarchy. I believe there are legitimate government functions. There is a legitimate need in an orderly society for some government to maintain freedom or we will have tyranny by individuals. The strongest man on the block will run the neighborhood. We have government to ensure that we don't each one of us have to carry a club to defend ourselves. But again, I stand on my statement that I think that libertarianism and conservatism are traveling the same path.""
Ronald Reagan, Interview published in Reason magazine, 1975
All of the following are factors that contributed to the prominence of conservatism in the late 1970s and 1980s EXCEPT","Question: This question refers to the following information.
""If you analyze it I believe the very heart and soul of conservatism is libertarianism. I think conservatism is really a misnomer just as liberalism is a misnomer for the liberals—if we were back in the days of the Revolution, so-called conservatives today would be the Liberals and the liberals would be the Tories. The basis of conservatism is a desire for less government interference or less centralized authority or more individual freedom and this is a pretty general description also of what libertarianism is. Now, I can't say that I will agree with all the things that the present group who call themselves Libertarians in the sense of a party say, because I think that like in any political movement there are shades, and there are libertarians who are almost over at the point of wanting no government at all or anarchy. I believe there are legitimate government functions. There is a legitimate need in an orderly society for some government to maintain freedom or we will have tyranny by individuals. The strongest man on the block will run the neighborhood. We have government to ensure that we don't each one of us have to carry a club to defend ourselves. But again, I stand on my statement that I think that libertarianism and conservatism are traveling the same path.""
Ronald Reagan, Interview published in Reason magazine, 1975
All of the following are factors that contributed to the prominence of conservatism in the late 1970s and 1980s EXCEPT

Options:
A. the success of the Libertarian party in national elections
B. the growth of religious fundamentalism
C. perceived economic and foreign policy failures under President Carter
D. social changes following the Civil Rights movement and Vietnam War

Respond ONLY with one letter.
Valid answers: A, B, C or D.
Answer:",0,A,True,36248.9,high_school_us_history,original
"This question refers to the following information.
As a Jew, I have never believed in collective guilt. Only the guilty were guilty.
Children of killers are not killers but children. I have neither the desire nor the authority to judge today's generation for the unspeakable crimes committed by the generation of Hitler.
But we may—and we must—hold it responsible, not for the past, but for the way it remembers the past. And for what it does with the memory of the past. In remembering, you will help your own people vanquish the ghosts that hover over its history. Remember: a community that does not come to terms with the dead will continue to traumatize the living.
We remember Auschwitz and all that it symbolizes because we believe that, in spite of the past and its horrors, the world is worthy of salvation; and salvation, like redemption, can be found only in memory.
Elie Wiesel, ""Reflections of a Survivor,"" 1987
From the passage, one may infer that Wiesel asserted that remembering the Holocaust","Question: This question refers to the following information.
As a Jew, I have never believed in collective guilt. Only the guilty were guilty.
Children of killers are not killers but children. I have neither the desire nor the authority to judge today's generation for the unspeakable crimes committed by the generation of Hitler.
But we may—and we must—hold it responsible, not for the past, but for the way it remembers the past. And for what it does with the memory of the past. In remembering, you will help your own people vanquish the ghosts that hover over its history. Remember: a community that does not come to terms with the dead will continue to traumatize the living.
We remember Auschwitz and all that it symbolizes because we believe that, in spite of the past and its horrors, the world is worthy of salvation; and salvation, like redemption, can be found only in memory.
Elie Wiesel, ""Reflections of a Survivor,"" 1987
From the passage, one may infer that Wiesel asserted that remembering the Holocaust

Options:
A. was necessary for the German people to become reconciled to their own history
B. hindered the healing process for the German people
C. would ensure that it never occurred again
D. would allow the Jews to forgive the German people

Respond ONLY with one letter.
Valid answers: A, B, C or D.
Answer:",0,C,False,24169.5,high_school_european_history,original
"During the investigation of a chemical reaction by a chemistry student, she was able to determine that the reaction was nonspontaneous at 1 atm and 298 K. However, she learned that cooling the system with dry ice (-78°C) caused the reaction to become spontaneous. Which of the following combinations must apply to this reaction?","Question: During the investigation of a chemical reaction by a chemistry student, she was able to determine that the reaction was nonspontaneous at 1 atm and 298 K. However, she learned that cooling the system with dry ice (-78°C) caused the reaction to become spontaneous. Which of the following combinations must apply to this reaction?

Options:
A. ΔH < 0, ΔS < 0, and ΔG = 0
B. ΔH > 0, ΔS < 0, and ΔG > 0
C. ΔH < 0, ΔS < 0, and ΔG > 0
D. ΔH > 0, ΔS > 0, and ΔG > 0

Respond ONLY with one letter.
Valid answers: A, B, C or D.
Answer:",2,B,False,15575.52,high_school_chemistry,original
"A state has recently released medical statistics showing that the number of new AIDS cases within the state has quadrupled from the preceding year. In 2008, the state reported that 2,250 people were diagnosed as being stricken with the AIDS virus. However, in 2009 the state confirmed that over 9,000 new persons contracted the deadly virus. In an effort to improve the health care of AIDS patients in the state, the Legislature has enacted a law providing public funds to assist privately owned hospitals. According to the law, every hospital in the state would receive $5,000 annually for each AIDS patient who was admitted to that hospital, and whose period of hospitalization exceeded one week. Although this bill was initially opposed by several churches and other organizations, the state's legislature re-drafted the bill in a compromise effort to appease the opposition. In its final re-draft, the bill provided that the $5,000 annual subsidy ""would not be paid to any hospital performing abortions. ""Which of the following is the strongest argument against the constitutionality of the state's statute?","Question: A state has recently released medical statistics showing that the number of new AIDS cases within the state has quadrupled from the preceding year. In 2008, the state reported that 2,250 people were diagnosed as being stricken with the AIDS virus. However, in 2009 the state confirmed that over 9,000 new persons contracted the deadly virus. In an effort to improve the health care of AIDS patients in the state, the Legislature has enacted a law providing public funds to assist privately owned hospitals. According to the law, every hospital in the state would receive $5,000 annually for each AIDS patient who was admitted to that hospital, and whose period of hospitalization exceeded one week. Although this bill was initially opposed by several churches and other organizations, the state's legislature re-drafted the bill in a compromise effort to appease the opposition. In its final re-draft, the bill provided that the $5,000 annual subsidy ""would not be paid to any hospital performing abortions. ""Which of the following is the strongest argument against the constitutionality of the state's statute?

Options:
A. The statute violates the establishment clause of the First Amendment, as incorporated into the Fourteenth Amendment, by adopting the controversial views of particular churches on abortion.
B. The statute violates the Fourteenth Amendment by conditioning the availability of public funds upon the recipient's agreement to act in a way that makes more difficult the exercise by others of their fundamental constitutional rights.
C. The statute violates the equal protection clause of the Fourteenth Amendment by denying nonAIDS patients the same subsidy benefits as those received by AIDS patients.
D. The state will be unable to show it is advancing a legitimate governmental interest.

Respond ONLY with one letter.
Valid answers: A, B, C or D.
Answer:",1,B.,True,29815.76,professional_law,original
"The hydrogen lines observed in the spectrum of the quasar 3C9 are shifted so far into the red that their wavelengths are three times as long as those observed in the light from hydrogen atoms at rest in a laboratory on Earth. If it is assumed that the shift is entirely due to the relative motion of 3C9 and Earth, the relative speed of the quasar is","Question: The hydrogen lines observed in the spectrum of the quasar 3C9 are shifted so far into the red that their wavelengths are three times as long as those observed in the light from hydrogen atoms at rest in a laboratory on Earth. If it is assumed that the shift is entirely due to the relative motion of 3C9 and Earth, the relative speed of the quasar is

Options:
A. 2c
B. c
C. 0.8c
D. 0.5c

Respond ONLY with one letter.
Valid answers: A, B, C or D.
Answer:",2,To solve,False,7556.32,college_physics,original
"In a cartoon, an angel is perched on one shoulder and a devil is perched on the other shoulder of a character who needs to decide whether to give money to a homeless man or not. The devil says, ""Don't give him anything, you'll make better use of the money than he will."" The angel says, ""Give him the money because he needs it more than you do."" The character gives the homeless man half of his money. In a Freudian interpretation, the angel represents the character's","Question: In a cartoon, an angel is perched on one shoulder and a devil is perched on the other shoulder of a character who needs to decide whether to give money to a homeless man or not. The devil says, ""Don't give him anything, you'll make better use of the money than he will."" The angel says, ""Give him the money because he needs it more than you do."" The character gives the homeless man half of his money. In a Freudian interpretation, the angel represents the character's

Options:
A. libido
B. id
C. ego
D. superego

Respond ONLY with one letter.
Valid answers: A, B, C or D.
Answer:",3,D.,True,8445.82,high_school_psychology,original
It is a monetarist point of view that,"Question: It is a monetarist point of view that

Options:
A. monetary policy should be used to fine-tune the economy
B. crowding out is not a problem
C. the money supply should be increased steadily
D. the velocity of money is unstable

Respond ONLY with one letter.
Valid answers: A, B, C or D.
Answer:",2,A,False,4561.29,high_school_macroeconomics,original
 Huemer argues that there is no reason to think that the harms of drug use are in an important sense,"Question:  Huemer argues that there is no reason to think that the harms of drug use are in an important sense

Options:
A. more harmful on average than legally permitted harmful activities.
B. differing from the harms of other legally permitted harmful activities.
C. more detrimental to a person's character than otherslegally permitted harmful activities.
D. All of the above.

Respond ONLY with one letter.
Valid answers: A, B, C or D.
Answer:",3,D.,True,6640.43,moral_disputes,original
"Let l = [1,2,3,4]. What is max(l) in Python3?","Question: Let l = [1,2,3,4]. What is max(l) in Python3?

Options:
A. 1
B. 2
C. 3
D. 4

Respond ONLY with one letter.
Valid answers: A, B, C or D.
Answer:",3,D.,True,4521.2,high_school_computer_science,original
"During a study of renal glomeruli, a healthy animal kidney is kept in a vascular bath preparation at a constant afferent arterial pressure of 100 mm Hg. If the efferent arteriole is constricted with a vascular clamp, which of the following Starling forces is most likely to change in the glomeruli?","Question: During a study of renal glomeruli, a healthy animal kidney is kept in a vascular bath preparation at a constant afferent arterial pressure of 100 mm Hg. If the efferent arteriole is constricted with a vascular clamp, which of the following Starling forces is most likely to change in the glomeruli?

Options:
A. Decreased filtration coefficient (Kf)
B. Decreased hydrostatic pressure
C. Decreased oncotic pressure
D. Increased hydrostatic pressure

Respond ONLY with one letter.
Valid answers: A, B, C or D.
Answer:",3,B.,False,8325.08,professional_medicine,original
"A student has 3 puzzles. Each puzzle has 1,250 pieces. What is the total number of pieces in the puzzles?","Question: A student has 3 puzzles. Each puzzle has 1,250 pieces. What is the total number of pieces in the puzzles?

Options:
A. 3,650
B. 3,750
C. 4,650
D. 4,750

Respond ONLY with one letter.
Valid answers: A, B, C or D.
Answer:",1,To find,False,5178.24,elementary_mathematics,original
"Hydrogen fluoride, HF, is a liquid at 15°C. All other hydrogen halides (represented by HX, where X is any other halogen) are gases at the same temperature. Why?","Question: Hydrogen fluoride, HF, is a liquid at 15°C. All other hydrogen halides (represented by HX, where X is any other halogen) are gases at the same temperature. Why?

Options:
A. Fluorine has a very high electronegativity; therefore the H-F bond is stronger than any other H-X bond.
B. HF is smaller than any other H-X molecule; therefore it exhibits stronger London dispersion forces.
C. The dipoles in a HF molecule exhibit a particularly strong attraction force to the dipoles in other HF molecules.
D. The H-F bond is the most ionic in character compared to all other hydrogen halides.

Respond ONLY with one letter.
Valid answers: A, B, C or D.
Answer:",2,A,False,8908.68,high_school_chemistry,original
"If $m$ and $n$ are odd integers, how many terms in the expansion of $(m+n)^6$ are odd?","Question: If $m$ and $n$ are odd integers, how many terms in the expansion of $(m+n)^6$ are odd?

Options:
A. 4
B. 2
C. 1
D. 9

Respond ONLY with one letter.
Valid answers: A, B, C or D.
Answer:",0,B.,False,4889.86,high_school_mathematics,original
"For which of these two scenarios does the main character (who uses I/me/my) do something clearly morally wrong, according to ordinary moral standards in the US as of 2020? Scenario 1 | I threw the newspapers into to the forest wild fire. Scenario 2 | I asked my children to set the table for dinner.","Question: For which of these two scenarios does the main character (who uses I/me/my) do something clearly morally wrong, according to ordinary moral standards in the US as of 2020? Scenario 1 | I threw the newspapers into to the forest wild fire. Scenario 2 | I asked my children to set the table for dinner.

Options:
A. Wrong, Wrong
B. Wrong, Not wrong
C. Not wrong, Wrong
D. Not wrong, Not wrong

Respond ONLY with one letter.
Valid answers: A, B, C or D.
Answer:",1,B,True,8180.37,moral_scenarios,original
 Carens's main conclusion is that,"Question:  Carens's main conclusion is that

Options:
A. liberal egalitarianism should almost always press for more openness toward immigrants and refugees.
B. liberal egalitarianism, contrary to appearances, entails that only closed border immigration policies are acceptable.
C. egalitarianism is founded on sentiments of envy and is therefore unjustified.
D. liberal egalitarian objections to anticosmopolitanism do not succeed.

Respond ONLY with one letter.
Valid answers: A, B, C or D.
Answer:",0,B,False,6828.53,moral_disputes,original
The treatment of hepatitis C has been revolutionised most recently by which of the following?,"Question: The treatment of hepatitis C has been revolutionised most recently by which of the following?

Options:
A. The use of interferon
B. A new vaccine
C. Monoclonal antibodies
D. Direct-acting Antivirals such as daclatasvir and sofosbuvir

Respond ONLY with one letter.
Valid answers: A, B, C or D.
Answer:",0,D,False,4729.03,virology,original
"A 19-year-old Asian female college student comes to the university health center because of a 1-week history of nasal stuffiness, occasional clear rhinorrhea, and a mild sore throat. Two days ago, she began to feel hot, but she has not taken her temperature. Medical history is unremarkable and her only medication is an oral contraceptive. She has no history of allergies. She does not smoke cigarettes. BMI is 22 kg/m2 . Vital signs are temperature 38.1°C (100.6°F), pulse 88/min, respirations 16/min, and blood pressure 116/74 mm Hg. Physical examination discloses tenderness over the left maxillary sinus without purulent drainage. There is clear fluid behind the left tympanic membrane, enlarged tonsils bilaterally, and pain with tapping of the left upper incisors. Left frontal sinus does not transilluminate. Cardiopulmonary examination discloses no abnormalities. Which of the following is the most likely underlying mechanism of this patient's sinusitis?","Question: A 19-year-old Asian female college student comes to the university health center because of a 1-week history of nasal stuffiness, occasional clear rhinorrhea, and a mild sore throat. Two days ago, she began to feel hot, but she has not taken her temperature. Medical history is unremarkable and her only medication is an oral contraceptive. She has no history of allergies. She does not smoke cigarettes. BMI is 22 kg/m2 . Vital signs are temperature 38.1°C (100.6°F), pulse 88/min, respirations 16/min, and blood pressure 116/74 mm Hg. Physical examination discloses tenderness over the left maxillary sinus without purulent drainage. There is clear fluid behind the left tympanic membrane, enlarged tonsils bilaterally, and pain with tapping of the left upper incisors. Left frontal sinus does not transilluminate. Cardiopulmonary examination discloses no abnormalities. Which of the following is the most likely underlying mechanism of this patient's sinusitis?

Options:
A. Eustachian tube dysfunction
B. Mucosal edema
C. Nasal polyps
D. Oral contraceptive use

Respond ONLY with one letter.
Valid answers: A, B, C or D.
Answer:",1,B.,True,20464.7,professional_medicine,original
"To prevent desiccation and injury, the embryos of terrestrial vertebrates are encased within a fluid secreted by the","Question: To prevent desiccation and injury, the embryos of terrestrial vertebrates are encased within a fluid secreted by the

Options:
A. amnion
B. chorion
C. allantois
D. yolk sac

Respond ONLY with one letter.
Valid answers: A, B, C or D.
Answer:",0,A.,True,4733.1,college_biology,original
"You are subpoenaed to appear at a deposition to testify about a former client of yours. During the deposition, the attorney for the opposing party asks you to provide confidential client information. You should:","Question: You are subpoenaed to appear at a deposition to testify about a former client of yours. During the deposition, the attorney for the opposing party asks you to provide confidential client information. You should:

Options:
A. refuse to provide the information without a court order.
B. assert the privilege unless the client has signed a waiver.
C. provide the information if you believe it is pertinent to the case.
D. provide the information since privilege is waived in this situation.

Respond ONLY with one letter.
Valid answers: A, B, C or D.
Answer:",1,A.,False,7371.8,professional_psychology,original
"According to W. E. B. Dubois, progress for African Americans in the aftermath of slavery","Question: According to W. E. B. Dubois, progress for African Americans in the aftermath of slavery

Options:
A. depended on the small group of African Americans receiving the same thorough and extensive education as the most talented White Americans were able to access
B. involved their use of skills they already had from farming, domestic work, and labors of rural life rather than being forced to learn new skills in the late 1800s
C. required that they be trained and prepared as craftspeople and service employees so they could become immediately self-sufficient
D. required them to move to large cities where they would be accepted as equals in government, religion, and education

Respond ONLY with one letter.
Valid answers: A, B, C or D.
Answer:",0,A,True,8420.5,sociology,original
How are new polyomaviruses detailed,"Question: How are new polyomaviruses detailed

Options:
A. Shot gun sequencing
B. Cultivation in human neural cells
C. Deep pyro sequencing (NGS)
D. Monoclonal antibody techniques

Respond ONLY with one letter.
Valid answers: A, B, C or D.
Answer:",0,C.,False,4391.93,virology,original
Which of the following is the most likely to be a deterrent to growth in the economy?,"Question: Which of the following is the most likely to be a deterrent to growth in the economy?

Options:
A. Spending on education and training
B. Increases in capital
C. Increases in the interest rate
D. Expenditures on research and development

Respond ONLY with one letter.
Valid answers: A, B, C or D.
Answer:",2,C.,True,4580.16,high_school_macroeconomics,original
"Every ten years, the majority of state legislatures are responsible for","Question: Every ten years, the majority of state legislatures are responsible for

Options:
A. redrawing congressional district boundaries
B. electing a new state governor
C. evaluating the physical accessibility of polling venues
D. deciding where to construct new elementary schools

Respond ONLY with one letter.
Valid answers: A, B, C or D.
Answer:",0,A.,True,4524.94,high_school_government_and_politics,original
Historical materialism is founded on the ideas and philosophies of which theorists?,"Question: Historical materialism is founded on the ideas and philosophies of which theorists?

Options:
A. Barry Buzan and Ole Waever
B. Kenneth Waltz and Hans Morgenthau
C. Karl Marx and Friedrich Engels
D. Adam Smith and Karl Marx

Respond ONLY with one letter.
Valid answers: A, B, C or D.
Answer:",2,C.,True,4449.9,security_studies,original
Which type of reaction time results in the biggest age differences?,"Question: Which type of reaction time results in the biggest age differences?

Options:
A. Simple
B. Choice
C. Complex
D. Elaborate

Respond ONLY with one letter.
Valid answers: A, B, C or D.
Answer:",2,D.,False,4598.77,human_aging,original
"Nitrous acid is a weak acid, while nitric acid is a much stronger acid because","Question: Nitrous acid is a weak acid, while nitric acid is a much stronger acid because

Options:
A. the nitrogen in nitric acid is more electronegative than the nitrogen in nitrous acid
B. nitric acid has more oxygen atoms in its formula
C. the –O–H bonds in nitric acid are much weaker than in nitrous acid due to the electron withdrawing of more oxygen atoms on nitric acid
D. nitric acid has the hydrogen atoms bound directly to the nitrogen atom

Respond ONLY with one letter.
Valid answers: A, B, C or D.
Answer:",2,C,True,7380.35,high_school_chemistry,original
"Which of the following statements about proteolysis is correct?
","Question: Which of the following statements about proteolysis is correct?


Options:
A. The rate of tissue protein catabolism is more or less constant throughout the day.
B. All tissue proteins undergo catabolism at more or less the same rate.
C. All proteins that are to be catabolised are tagged with the peptide ubiquitin.
D. Lysosomal enzymes provide the only mechanism for tissue protein catabolism.

Respond ONLY with one letter.
Valid answers: A, B, C or D.
Answer:",0,C,False,7301.01,nutrition,original
Which of the following molecules does not form part of DNA?,"Question: Which of the following molecules does not form part of DNA?

Options:
A. Purine
B. Pyrimidine
C. Deoxyribose
D. Amino acid

Respond ONLY with one letter.
Valid answers: A, B, C or D.
Answer:",3,D.,True,3969.34,college_medicine,original
Aquinas holds that the last end of man is:,"Question: Aquinas holds that the last end of man is:

Options:
A. pleasure.
B. happiness or beatitude.
C. the satisfaction of desire.
D. freedom from anxiety.

Respond ONLY with one letter.
Valid answers: A, B, C or D.
Answer:",1,B.,True,4145.3,philosophy,original
Which of the following is not a good measure of relative intermolecular attractive forces?,"Question: Which of the following is not a good measure of relative intermolecular attractive forces?

Options:
A. Heat of fusion
B. Boiling points
C. Vapor pressures
D. Heat of vaporization

Respond ONLY with one letter.
Valid answers: A, B, C or D.
Answer:",0,D.,False,4258.4,high_school_chemistry,original
"For which of these two scenarios does the main character (who uses I/me/my) do something clearly morally wrong, according to ordinary moral standards in the US as of 2020? Scenario 1 | I made her sushi from her leftover salmon. Scenario 2 | I jumped out of the window onto the ground three feet below.","Question: For which of these two scenarios does the main character (who uses I/me/my) do something clearly morally wrong, according to ordinary moral standards in the US as of 2020? Scenario 1 | I made her sushi from her leftover salmon. Scenario 2 | I jumped out of the window onto the ground three feet below.

Options:
A. Wrong, Wrong
B. Wrong, Not wrong
C. Not wrong, Wrong
D. Not wrong, Not wrong

Respond ONLY with one letter.
Valid answers: A, B, C or D.
Answer:",3,B,False,8171.2,moral_scenarios,original
"This question refers to the following information.
""A specter is haunting Europe-the specter of Communism. All the powers of old Europe have entered into a holy alliance to exorcise this specter; Pope and Czar, Metternich and Guizot, French radicals and German police spies.
Two things result from this fact.
I. Communism is already acknowledged by all European powers to be in itself a power.
II. It is high time that Communists should openly, in the face of the whole world, publish their views, their aims, their tendencies, and meet this nursery tale of the Specter of Communism with a Manifesto of the party itself.""
Karl Marx and Friedrich Engels, The Communist Manifesto, 1848
In this passage, Marx and Engels seem to be chiefly preoccupied with","Question: This question refers to the following information.
""A specter is haunting Europe-the specter of Communism. All the powers of old Europe have entered into a holy alliance to exorcise this specter; Pope and Czar, Metternich and Guizot, French radicals and German police spies.
Two things result from this fact.
I. Communism is already acknowledged by all European powers to be in itself a power.
II. It is high time that Communists should openly, in the face of the whole world, publish their views, their aims, their tendencies, and meet this nursery tale of the Specter of Communism with a Manifesto of the party itself.""
Karl Marx and Friedrich Engels, The Communist Manifesto, 1848
In this passage, Marx and Engels seem to be chiefly preoccupied with

Options:
A. provoking fear to drive their readers to action
B. attacking the extreme communists who threatened to sink the entire movement
C. demonstrating the understanding of the others in point of fact
D. explaining the reasons for debunking opponents of communism

Respond ONLY with one letter.
Valid answers: A, B, C or D.
Answer:",3,D.,True,18920.51,high_school_european_history,original
"You've just finished training a decision tree for spam classification, and it is getting abnormally bad performance on both your training and test sets. You know that your implementation has no bugs, so what could be causing the problem?","Question: You've just finished training a decision tree for spam classification, and it is getting abnormally bad performance on both your training and test sets. You know that your implementation has no bugs, so what could be causing the problem?

Options:
A. Your decision trees are too shallow.
B. You need to increase the learning rate.
C. You are overfitting.
D. None of the above.

Respond ONLY with one letter.
Valid answers: A, B, C or D.
Answer:",0,C.,False,6909.04,machine_learning,original
"For which of these two scenarios does the main character (who uses I/me/my) do something clearly morally wrong, according to ordinary moral standards in the US as of 2020? Scenario 1 | I make sure my high-watt security light doesn't aim in my neighbor's bedroom window. Scenario 2 | I swung a pillow at my best friend James.","Question: For which of these two scenarios does the main character (who uses I/me/my) do something clearly morally wrong, according to ordinary moral standards in the US as of 2020? Scenario 1 | I make sure my high-watt security light doesn't aim in my neighbor's bedroom window. Scenario 2 | I swung a pillow at my best friend James.

Options:
A. Wrong, Wrong
B. Wrong, Not wrong
C. Not wrong, Wrong
D. Not wrong, Not wrong

Respond ONLY with one letter.
Valid answers: A, B, C or D.
Answer:",3,B,False,7050.4,moral_scenarios,original
 What can murtis be translated as?,"Question:  What can murtis be translated as?

Options:
A. Offerings
B. Prayers
C. Apparitions
D. Idols

Respond ONLY with one letter.
Valid answers: A, B, C or D.
Answer:",3,D.,True,4761.06,world_religions,original
The FED's Board of Governors has members each serving -year terms.,"Question: The FED's Board of Governors has members each serving -year terms.

Options:
A. 14 7
B. 7 14
C. 8 8
D. 50 2

Respond ONLY with one letter.
Valid answers: A, B, C or D.
Answer:",1,A,False,4576.55,high_school_macroeconomics,original
Find the speed of a wave by multiplying its frequency by its,"Question: Find the speed of a wave by multiplying its frequency by its

Options:
A. period
B. wavelength
C. amplitude
D. None of these

Respond ONLY with one letter.
Valid answers: A, B, C or D.
Answer:",1,B.,True,4486.81,conceptual_physics,original
A latch is ________ sensitive,"Question: A latch is ________ sensitive

Options:
A. both level and edge
B. edge
C. level
D. None

Respond ONLY with one letter.
Valid answers: A, B, C or D.
Answer:",2,B.,False,4022.72,electrical_engineering,original
Which of the following trisomy karyotypes has the mildest effect on human development?,"Question: Which of the following trisomy karyotypes has the mildest effect on human development?

Options:
A. 47,XXX
B. 47,XXY
C. 47,XX,+13
D. 47,XY,+21

Respond ONLY with one letter.
Valid answers: A, B, C or D.
Answer:",0,D.,False,5006.19,medical_genetics,original
"For which of these two scenarios does the main character (who uses I/me/my) do something clearly morally wrong, according to ordinary moral standards in the US as of 2020? Scenario 1 | I opened the gas tank and filled it with with gasoline. Scenario 2 | He went to work, and I married another.","Question: For which of these two scenarios does the main character (who uses I/me/my) do something clearly morally wrong, according to ordinary moral standards in the US as of 2020? Scenario 1 | I opened the gas tank and filled it with with gasoline. Scenario 2 | He went to work, and I married another.

Options:
A. Wrong, Wrong
B. Wrong, Not wrong
C. Not wrong, Wrong
D. Not wrong, Not wrong

Respond ONLY with one letter.
Valid answers: A, B, C or D.
Answer:",2,B,False,8189.32,moral_scenarios,original
"This question refers to the following information.
""Upon this a question arises: whether it be better to be loved than feared or feared than loved? It may be answered that one should wish to be both, but, because it is difficult to unite them in one person, it is much safer to be feared than loved, when, of the two, either must be dispensed with. Because this is to be asserted in general of men, that they are ungrateful, fickle, false, cowardly, covetous, and as long as you succeed they are yours entirely; they will offer you their blood, property, life, and children, as is said above, when the need is far distant; but when it approaches they turn against you. And that prince who, relying entirely on their promises, has neglected other precautions, is ruined; because friendships that are obtained by payments, and not by greatness or nobility of mind, may indeed be earned, but they are not secured, and in time of need cannot be relied upon; and men have less scruple in offending one who is beloved than one who is feared, for love is preserved by the link of obligation which, owing to the baseness of men, is broken at every opportunity for their advantage; but fear preserves you by a dread of punishment which never fails.""
Nicolo Machiavelli, The Prince, ca. 1513 C.E.
Machiavelli's treatise is best understood in the context of which of the following?","Question: This question refers to the following information.
""Upon this a question arises: whether it be better to be loved than feared or feared than loved? It may be answered that one should wish to be both, but, because it is difficult to unite them in one person, it is much safer to be feared than loved, when, of the two, either must be dispensed with. Because this is to be asserted in general of men, that they are ungrateful, fickle, false, cowardly, covetous, and as long as you succeed they are yours entirely; they will offer you their blood, property, life, and children, as is said above, when the need is far distant; but when it approaches they turn against you. And that prince who, relying entirely on their promises, has neglected other precautions, is ruined; because friendships that are obtained by payments, and not by greatness or nobility of mind, may indeed be earned, but they are not secured, and in time of need cannot be relied upon; and men have less scruple in offending one who is beloved than one who is feared, for love is preserved by the link of obligation which, owing to the baseness of men, is broken at every opportunity for their advantage; but fear preserves you by a dread of punishment which never fails.""
Nicolo Machiavelli, The Prince, ca. 1513 C.E.
Machiavelli's treatise is best understood in the context of which of the following?

Options:
A. A time of burgeoning economic prosperity among the lower classes of Italian society
B. A time of increasing religious devotion among the elite Italian scholars
C. A time of intense political conflict among warring Italian city-states and other factions
D. A time of collegial cooperation between scholars and ecclesiastical authorities in Italy

Respond ONLY with one letter.
Valid answers: A, B, C or D.
Answer:",2,C.,True,44425.66,high_school_world_history,original
"These goods are bought infrequently, used repeatedly, and involve a reasonably high level of consumer risk:","Question: These goods are bought infrequently, used repeatedly, and involve a reasonably high level of consumer risk:

Options:
A. Impulse goods.
B. Luxury goods.
C. Non-durable goods.
D. Durable goods.

Respond ONLY with one letter.
Valid answers: A, B, C or D.
Answer:",3,D.,True,4590.41,marketing,original
"How long would it take a car, starting from rest and accelerating uniformly in a straight line at 5 m/s^2, to cover a distance of 200 m ?","Question: How long would it take a car, starting from rest and accelerating uniformly in a straight line at 5 m/s^2, to cover a distance of 200 m ?

Options:
A. 9.0 s
B. 10.5 s
C. 12.0 s
D. 15.5 s

Respond ONLY with one letter.
Valid answers: A, B, C or D.
Answer:",0,To find,False,6368.48,high_school_physics,original
What part of Phineas Gage's brain was damaged by his accident while laying the railroad track?,"Question: What part of Phineas Gage's brain was damaged by his accident while laying the railroad track?

Options:
A. corpus callosum
B. temporal lobe
C. medulla oblongata
D. prefrontal cortex

Respond ONLY with one letter.
Valid answers: A, B, C or D.
Answer:",3,D.,True,4433.3,high_school_psychology,original
" Guru Nanak used what term to denote the ""divine word"" as part of divine revelation?","Question:  Guru Nanak used what term to denote the ""divine word"" as part of divine revelation?

Options:
A. Shabad
B. Khalse
C. Nam
D. Guru

Respond ONLY with one letter.
Valid answers: A, B, C or D.
Answer:",0,A.,True,4396.53,world_religions,original
"A 37-year-old man with type 1 diabetes mellitus is admitted to the hospital because of inadequate control of his glucose concentrations for the past 2 months. Despite his poor control, he demands that he be discharged. He reports that he has had a 3-month history of fatigue, irritability, and feelings of hopelessness. He says that he has been noncompliant with his diabetic regimen, adding, ""Sometimes I forget."" He has been avoiding his family and friends because he is not in the mood to see them but admits that he is lonely. He did not get out of bed for 2 days, which prompted his wife to call an ambulance and have him admitted to the hospital. Prior to admission to the hospital, his only medication was insulin, although he often missed doses. He does not drink alcohol. He is 168 cm (5 ft 6 in) tall and weighs 100 kg (220 lb); BMI is 36 kg/m2 . His temperature is 37°C (98.6°F), pulse is 68/min, respirations are 18/min, and blood pressure is 150/85 mm Hg. Physical examination shows no abnormalities. On mental status examination, he is tired and has a restricted affect. There is no evidence of suicidal ideation. Cognition is intact. His fasting serum glucose concentration is 120 mg/dL. Which of the following is the most appropriate next step in management?","Question: A 37-year-old man with type 1 diabetes mellitus is admitted to the hospital because of inadequate control of his glucose concentrations for the past 2 months. Despite his poor control, he demands that he be discharged. He reports that he has had a 3-month history of fatigue, irritability, and feelings of hopelessness. He says that he has been noncompliant with his diabetic regimen, adding, ""Sometimes I forget."" He has been avoiding his family and friends because he is not in the mood to see them but admits that he is lonely. He did not get out of bed for 2 days, which prompted his wife to call an ambulance and have him admitted to the hospital. Prior to admission to the hospital, his only medication was insulin, although he often missed doses. He does not drink alcohol. He is 168 cm (5 ft 6 in) tall and weighs 100 kg (220 lb); BMI is 36 kg/m2 . His temperature is 37°C (98.6°F), pulse is 68/min, respirations are 18/min, and blood pressure is 150/85 mm Hg. Physical examination shows no abnormalities. On mental status examination, he is tired and has a restricted affect. There is no evidence of suicidal ideation. Cognition is intact. His fasting serum glucose concentration is 120 mg/dL. Which of the following is the most appropriate next step in management?

Options:
A. Adhere to the patient's wishes and discuss home-care options
B. Adhere to the patient's wishes on the condition that he agree to home nursing care
C. Schedule neuropsychological testing
D. Seek a court order to appoint a legal guardian

Respond ONLY with one letter.
Valid answers: A, B, C or D.
Answer:",0,B,False,35532.16,professional_medicine,original
Which of the following supranational organizations is not an economic union?,"Question: Which of the following supranational organizations is not an economic union?

Options:
A. EU
B. CARICOM
C. NAFTA
D. NATO

Respond ONLY with one letter.
Valid answers: A, B, C or D.
Answer:",3,D.,True,4640.37,high_school_geography,original
" According to Aquinas, the first precept of natural law is","Question:  According to Aquinas, the first precept of natural law is

Options:
A. ""good is to be done, evil to be avoided.""
B. ""one ought to do what one will.""
C. ""one ought to do only what can be done without contradiction.""
D. ""pleasure is to be sought, pain to be avoided.""

Respond ONLY with one letter.
Valid answers: A, B, C or D.
Answer:",0,A,True,6507.27,moral_disputes,original
"Consider the number pattern 5, 9, 13, 17, 21, 25, 29. Which rule could have been used to make the pattern?","Question: Consider the number pattern 5, 9, 13, 17, 21, 25, 29. Which rule could have been used to make the pattern?

Options:
A. Start with 0. Add 4 each time to get the next number.
B. Start with 0. Add 5 each time to get the next number.
C. Start with 5. Add 4 each time to get the next number.
D. Start with 5. Add 5 each time to get the next number.

Respond ONLY with one letter.
Valid answers: A, B, C or D.
Answer:",2,D,False,6929.6,elementary_mathematics,original
Which of the following is a type of bacterium that produces a toxin in food under anaerobic conditions?,"Question: Which of the following is a type of bacterium that produces a toxin in food under anaerobic conditions?

Options:
A. Clostridium botulinum
B. Clostridium tetani
C. Mycobacterium bovis
D. Staphylococcus aureus

Respond ONLY with one letter.
Valid answers: A, B, C or D.
Answer:",0,A.,True,4936.25,miscellaneous,original
"By 1900 B.P., the central elements of Mayan culture were in place. These did NOT include:","Question: By 1900 B.P., the central elements of Mayan culture were in place. These did NOT include:

Options:
A. stratified societies ruled by kings.
B. ritual ball games and a reverence for precious jade.
C. a sophisticated bronze producing industry.
D. a hieroglyphic written language and calendar.

Respond ONLY with one letter.
Valid answers: A, B, C or D.
Answer:",2,C,True,6274.89,prehistory,original
Estimate 153 + 44. The sum is between which numbers?,"Question: Estimate 153 + 44. The sum is between which numbers?

Options:
A. 100 and 299
B. 300 and 499
C. 500 and 699
D. 700 and 899

Respond ONLY with one letter.
Valid answers: A, B, C or D.
Answer:",0,To estimate,True,4383.35,elementary_mathematics,original
"Under certain conditions, a beam of electrons impinging on a crystal surface will diffract and a scattering pattern of the beam can be obtained. What is the approximate kinetic energy of the electrons needed in order to see the pattern? (Assume the lattice spacing of the crystal to be 0.4 nm.)","Question: Under certain conditions, a beam of electrons impinging on a crystal surface will diffract and a scattering pattern of the beam can be obtained. What is the approximate kinetic energy of the electrons needed in order to see the pattern? (Assume the lattice spacing of the crystal to be 0.4 nm.)

Options:
A. 0.1 eV
B. 1 eV
C. 10 eV
D. 100 eV

Respond ONLY with one letter.
Valid answers: A, B, C or D.
Answer:",2,To solve,False,7170.3,college_physics,original
A sand bag has a mass of 5kg and weight 50N on Earth. What is the mass and weight of this sand bag on a planet with half the gravity compared to Earth?,"Question: A sand bag has a mass of 5kg and weight 50N on Earth. What is the mass and weight of this sand bag on a planet with half the gravity compared to Earth?

Options:
A. Mass 5kg weight 100N
B. Mass 5kg weight 50N
C. Mass 5kg weight 25N
D. Mass 10kg weight 100N

Respond ONLY with one letter.
Valid answers: A, B, C or D.
Answer:",2,B,False,6749.55,astronomy,original
“Time-out” procedures in manipulating behaviors are based on the conditioning concept of,"Question: “Time-out” procedures in manipulating behaviors are based on the conditioning concept of

Options:
A. oval of a positive reinforcer
B. differential reinforcement
C. negative reinforcement
D. stimulus generalization

Respond ONLY with one letter.
Valid answers: A, B, C or D.
Answer:",0,C.,False,4265.72,professional_psychology,original
Which of these is another name for a golf course?,"Question: Which of these is another name for a golf course?

Options:
A. Pitch
B. Links
C. Steps
D. Suite

Respond ONLY with one letter.
Valid answers: A, B, C or D.
Answer:",1,B.,True,4157.29,miscellaneous,original
"A 26-year-old woman with HIV infection comes to the office because of a 4-day history of pain and redness of her left lower leg. She says the symptoms began after she tripped over a tree branch in her yard and scraped her left leg. Current medications include antiretroviral therapy and ibuprofen as needed. Vital signs are temperature 38.3°C (100.9°F), pulse 86/min, respirations 14/min, and blood pressure 138/70 mm Hg. There is a 5×8-cm area on the anterior surface of her left lower extremity that is swollen, erythematous, and tender. She previously has developed a rash after taking erythromycin, and she has had an anaphylactic response to penicillin. Which of the following antibiotic therapies is most appropriate for this patient?","Question: A 26-year-old woman with HIV infection comes to the office because of a 4-day history of pain and redness of her left lower leg. She says the symptoms began after she tripped over a tree branch in her yard and scraped her left leg. Current medications include antiretroviral therapy and ibuprofen as needed. Vital signs are temperature 38.3°C (100.9°F), pulse 86/min, respirations 14/min, and blood pressure 138/70 mm Hg. There is a 5×8-cm area on the anterior surface of her left lower extremity that is swollen, erythematous, and tender. She previously has developed a rash after taking erythromycin, and she has had an anaphylactic response to penicillin. Which of the following antibiotic therapies is most appropriate for this patient?

Options:
A. Amoxicillin
B. Ciprofloxacin
C. Clarithromycin
D. Clindamycin

Respond ONLY with one letter.
Valid answers: A, B, C or D.
Answer:",3,D.,True,18174.29,professional_medicine,original
Analyses of social power in consulting relationships emphasize the importance of which two forms of power,"Question: Analyses of social power in consulting relationships emphasize the importance of which two forms of power

Options:
A. Reward and legitimate
B. Expert and referent
C. Coercive and symbolic
D. Expert and informational

Respond ONLY with one letter.
Valid answers: A, B, C or D.
Answer:",1,B.,True,4352.17,professional_psychology,original
A descript amount of 2-bromobutane is placed into a strong solution of ethanol and allowed to complete a reaction. The result of this reaction produces a major product of 2-butene and a minor product of 1-butene. Which of the following descriptions of the starting compound explains why 2-butene is the major product?,"Question: A descript amount of 2-bromobutane is placed into a strong solution of ethanol and allowed to complete a reaction. The result of this reaction produces a major product of 2-butene and a minor product of 1-butene. Which of the following descriptions of the starting compound explains why 2-butene is the major product?

Options:
A. Carbon 3 has less hydrogen atoms
B. 1-butene rearranges to 2-butene in solution
C. Ethanol prefers the second carbon in any chain
D. Cyclic aromatization

Respond ONLY with one letter.
Valid answers: A, B, C or D.
Answer:",0,A,True,8019.77,college_medicine,original
"In this chapter's Senior View, May Lee told us that we should all respect our elders because","Question: In this chapter's Senior View, May Lee told us that we should all respect our elders because

Options:
A. They are much older than we are
B. They raised us
C. They lived through difficult times
D. They ask nothing in return

Respond ONLY with one letter.
Valid answers: A, B, C or D.
Answer:",1,C,False,4443.44,human_aging,original
"A city resident commuted to work each day by subway. After purchasing her subway ticket, the resident entered the subway for her ride downtown to where she was employed. Looking for a seat, the resident was walking toward the rear of the subway car when it came to an abrupt halt. As a result of the sudden stop, the resident fell onto a commuter, injuring him. If the commuter asserts a claim against the subway company to recover for his personal injuries, the commuter will probably","Question: A city resident commuted to work each day by subway. After purchasing her subway ticket, the resident entered the subway for her ride downtown to where she was employed. Looking for a seat, the resident was walking toward the rear of the subway car when it came to an abrupt halt. As a result of the sudden stop, the resident fell onto a commuter, injuring him. If the commuter asserts a claim against the subway company to recover for his personal injuries, the commuter will probably

Options:
A. prevail, because a special duty of care was owed him.
B. prevail, because the sudden stop caused the resident to fall onto him.
C. not prevail, if the operator of the subway was not negligent in making the stop.
D. not prevail, if the resident was negligent in not holding onto the hand rail.

Respond ONLY with one letter.
Valid answers: A, B, C or D.
Answer:",2,B,False,15353.03,professional_law,original
"What nutritional strategies will not improve performance during prolonged endurance type exercise?
","Question: What nutritional strategies will not improve performance during prolonged endurance type exercise?


Options:
A. Carbohydrate loading
B. Tapering
C. The classic glycogen loading regime
D. Exogenous carbohydrate ingestion during exercise

Respond ONLY with one letter.
Valid answers: A, B, C or D.
Answer:",2,B,False,4313.33,nutrition,original
"For which of these two scenarios does the main character (who uses I/me/my) do something clearly morally wrong, according to ordinary moral standards in the US as of 2020? Scenario 1 | I was bored and dug a hole to create a cellar in my backyard. Scenario 2 | I was due to start work soon, so I went to a baseball game.","Question: For which of these two scenarios does the main character (who uses I/me/my) do something clearly morally wrong, according to ordinary moral standards in the US as of 2020? Scenario 1 | I was bored and dug a hole to create a cellar in my backyard. Scenario 2 | I was due to start work soon, so I went to a baseball game.

Options:
A. Wrong, Wrong
B. Wrong, Not wrong
C. Not wrong, Wrong
D. Not wrong, Not wrong

Respond ONLY with one letter.
Valid answers: A, B, C or D.
Answer:",2,B,False,6999.67,moral_scenarios,original
"Proposed legislation was offered to a state legislature that would reorganize the state police. The bill created a great deal of controversy, both in and outside the state government. Several leaders of the minority party in the legislature decided to oppose the legislation. One member of the minority party disagreed with his party's opposition to the bill and publicly announced his support for the legislation. The minority party leaders called a caucus to discuss and determine their legislative strategy for floor debate on the bill. When the disagreeing member appeared at the door of the caucus room, he was denied admission because of his anti-party stance. He was also informed that he would be removed from all of his committee assignments. During the caucus, the party members discussed other means of disciplining the member for his party insubordination. It was suggested that they issue a press release in which the party would publicly castigate him for his actions. The leader of the party said that ""the member is a cutthroat politician who is only looking out for where his next buck will come from. ""Which of the following constitutional provisions would give the ousted member his best grounds for challenging his exclusion from the party caucus?","Question: Proposed legislation was offered to a state legislature that would reorganize the state police. The bill created a great deal of controversy, both in and outside the state government. Several leaders of the minority party in the legislature decided to oppose the legislation. One member of the minority party disagreed with his party's opposition to the bill and publicly announced his support for the legislation. The minority party leaders called a caucus to discuss and determine their legislative strategy for floor debate on the bill. When the disagreeing member appeared at the door of the caucus room, he was denied admission because of his anti-party stance. He was also informed that he would be removed from all of his committee assignments. During the caucus, the party members discussed other means of disciplining the member for his party insubordination. It was suggested that they issue a press release in which the party would publicly castigate him for his actions. The leader of the party said that ""the member is a cutthroat politician who is only looking out for where his next buck will come from. ""Which of the following constitutional provisions would give the ousted member his best grounds for challenging his exclusion from the party caucus?

Options:
A. The equal protection clause of the Fourteenth Amendment.
B. The right of assembly as guaranteed by the First Amendment.
C. The speech and debate clause.
D. The due process clause of the Fourteenth Amendment.

Respond ONLY with one letter.
Valid answers: A, B, C or D.
Answer:",3,B.,False,25585.86,professional_law,original
"In an epidemiological context, what is the population at risk?
","Question: In an epidemiological context, what is the population at risk?


Options:
A. The proportion of a population that engage in risky behaviours.
B. The group of people that may experience the outcome we want to study.
C. A group of people participating in a study that may be harmful to them.
D. The population group with the highest relative risk of disease.

Respond ONLY with one letter.
Valid answers: A, B, C or D.
Answer:",1,B,True,6715.85,nutrition,original
Which of the following is consistent with results of current research conducted in the area of gender roles and the workplace?,"Question: Which of the following is consistent with results of current research conducted in the area of gender roles and the workplace?

Options:
A. In about a quarter of households with children, men stay home with the children so their wives can work.
B. Most women believe that there is equal opportunity today between men and women in career choice, advancement, and income.
C. Most men believe that women should be homemakers because men earn more money.
D. Most men married to working women do not share housework and childcare obligations equally with their working wives.

Respond ONLY with one letter.
Valid answers: A, B, C or D.
Answer:",3,D,True,6933.03,sociology,original
"A reading specialist in a large public school system believes that the more time students spend reading, the better they will do in school. She plans a middle school experiment in which an SRS of 30 eighth graders will be assigned four extra hours of reading per week, an SRS of 30 seventh graders will be assigned two extra hours of reading per week, and an SRS of 30 sixth graders with no extra assigned reading will be a control group. After one school year, the mean GPAs from each group will be compared. Is this a good experimental design?","Question: A reading specialist in a large public school system believes that the more time students spend reading, the better they will do in school. She plans a middle school experiment in which an SRS of 30 eighth graders will be assigned four extra hours of reading per week, an SRS of 30 seventh graders will be assigned two extra hours of reading per week, and an SRS of 30 sixth graders with no extra assigned reading will be a control group. After one school year, the mean GPAs from each group will be compared. Is this a good experimental design?

Options:
A. Yes.
B. No, because while this design may point out an association between reading and GPA, it cannot establish a cause-and-effect relationship.
C. No, because without blinding, there is a strong chance of a placebo effect.
D. No, because grade level is a lurking variable which may well be confounded with the variables under consideration.

Respond ONLY with one letter.
Valid answers: A, B, C or D.
Answer:",3,B,False,17543.66,high_school_statistics,original
 An imbalance between a consumer's actual and desired state in which recognition that a gap or problem needs resolving is called:,"Question:  An imbalance between a consumer's actual and desired state in which recognition that a gap or problem needs resolving is called:

Options:
A. Motive development.
B. An attitude.
C. A self-concept.
D. Product evaluation.

Respond ONLY with one letter.
Valid answers: A, B, C or D.
Answer:",0,D.,False,4879.27,marketing,original
Which of the following best describes the 'Orient' according to Edward Said?,"Question: Which of the following best describes the 'Orient' according to Edward Said?

Options:
A. The Orient is a constructed subject that is imagined as inferior, irrational, and backward, in comparison to the West.
B. The Orient is a geographical term once used to describe the east Asia.
C. The Orient is an imagined concept that must be rejected by scholars in order to analyse security.
D. Where there is an imbalance of power, the Orient is the dominant intellectual force or otherwise superior party.

Respond ONLY with one letter.
Valid answers: A, B, C or D.
Answer:",0,A.,True,7482.52,security_studies,original
"Two cars were driving within the legal speed limit as they approached an intersection. There are no traffic lights, stop signs, or warnings posted at this intersection. Both vehicles entered the intersection simultaneously and collided. In the accident, one of the drivers suffered a broken pelvis and internal injuries. Although the other driver's truck was slightly damaged, he did not suffer any physical injuries. Thereafter, the injured driver sued the city for negligence, claiming that the city failed to provide adequate warning at the intersection, which she contended was particularly dangerous and heavily traveled. At trial, the city attorney offers evidence that the intersection has been the same for 14 years, and no other accidents have occurred during that time. Upon objection by the injured driver's attorney, this evidence should be","Question: Two cars were driving within the legal speed limit as they approached an intersection. There are no traffic lights, stop signs, or warnings posted at this intersection. Both vehicles entered the intersection simultaneously and collided. In the accident, one of the drivers suffered a broken pelvis and internal injuries. Although the other driver's truck was slightly damaged, he did not suffer any physical injuries. Thereafter, the injured driver sued the city for negligence, claiming that the city failed to provide adequate warning at the intersection, which she contended was particularly dangerous and heavily traveled. At trial, the city attorney offers evidence that the intersection has been the same for 14 years, and no other accidents have occurred during that time. Upon objection by the injured driver's attorney, this evidence should be

Options:
A. admitted as relevant evidence of a fact of consequence to the action.
B. admitted, provided that the jury is instructed about the danger of inferential negative evidence.
C. excluded, because it is improper negative evidence.
D. excluded, because the dangers of unfair prejudice and confusion of the issues may tend to mislead the jury.

Respond ONLY with one letter.
Valid answers: A, B, C or D.
Answer:",0,D.,False,19145.39,professional_law,original
"A doctor was the owner of 1,500 acres of undeveloped timberland. In September 1989, the doctor executed a warranty deed conveying the timberland property to a dentist in fee simple. The dentist recorded immediately in the Grantor Grantee Index. Then in April 1990, the dentist conveyed the same tract to a buyer in fee simple by warranty deed. The buyer paid full market value and recorded the deed at once in the Grantor Grantee Index. The land in question had never been occupied, fenced, or cleared except that between the years 1986 2010, a mining company, one mile from the property, regularly drove trucks over a cleared path pursuant to a 1986 agreement with the doctor. The agreement, which was duly recorded, provided that ""the parties expressly agree and the doctor promises that the doctor and his successors shall refrain from obstructing the said described pathway across the doctor's land, which the mining company and its successors may perpetually use as a road, in consideration of which the mining company and its successors will pay the sum of $700 per annum. ""In 1990, after the conveyance from the dentist, the buyer informed the mining company that he would no longer honor the 1986 agreement permitting the mining company to use the pathway. The mining company brought an action for specific performance. Judgment should be for","Question: A doctor was the owner of 1,500 acres of undeveloped timberland. In September 1989, the doctor executed a warranty deed conveying the timberland property to a dentist in fee simple. The dentist recorded immediately in the Grantor Grantee Index. Then in April 1990, the dentist conveyed the same tract to a buyer in fee simple by warranty deed. The buyer paid full market value and recorded the deed at once in the Grantor Grantee Index. The land in question had never been occupied, fenced, or cleared except that between the years 1986 2010, a mining company, one mile from the property, regularly drove trucks over a cleared path pursuant to a 1986 agreement with the doctor. The agreement, which was duly recorded, provided that ""the parties expressly agree and the doctor promises that the doctor and his successors shall refrain from obstructing the said described pathway across the doctor's land, which the mining company and its successors may perpetually use as a road, in consideration of which the mining company and its successors will pay the sum of $700 per annum. ""In 1990, after the conveyance from the dentist, the buyer informed the mining company that he would no longer honor the 1986 agreement permitting the mining company to use the pathway. The mining company brought an action for specific performance. Judgment should be for

Options:
A. the mining company, because their property interest would ""run with the land. ""
B. the mining company, because the possessor of a servient interest would prevail against subsequent owners.
C. the buyer, because the mining company's interest was extinguished by the subsequent conveyance.
D. the buyer, because there was no privity of estate between the buyer and the mining company.

Respond ONLY with one letter.
Valid answers: A, B, C or D.
Answer:",0,C,False,44377.14,professional_law,original
Who is an archenemy of the cartoon superhero Underdog?,"Question: Who is an archenemy of the cartoon superhero Underdog?

Options:
A. OverCat
B. Muttley
C. Mr Whoopie
D. Dick Dastardly

Respond ONLY with one letter.
Valid answers: A, B, C or D.
Answer:",0,D,False,4002.64,miscellaneous,original
The case study of Phineas Gage's brain injury was significant for which of the following reasons?,"Question: The case study of Phineas Gage's brain injury was significant for which of the following reasons?

Options:
A. Gage's accident was one of the first to be treated with drugs that alter the neurotransmitters in the brain.
B. It was one of the first well-documented examples of a specific brain area being associated with a set of physical and emotional changes.
C. This accident provided psychiatrists with one of the first opportunities to treat a brain-damaged patient with psychotherapeutic techniques.
D. The CAT scan was used for the first time in the Phineas Gage case to document the extent of brain injury.

Respond ONLY with one letter.
Valid answers: A, B, C or D.
Answer:",1,B,True,8420.83,high_school_psychology,original
