intensidad,iteracion,prompt,respuesta,longitud,diversidad
neutral,0,Explícame cómo funciona una red neuronal.,"Una red neuronal es un modelo de aprendizaje automático inspirado en la estructura y los mecanismos del cerebro humano, diseñado para reconocer patrones complejos a través de su capacidad adaptativa o auto-ensamblándose. La idea básica es replicar el proceso mediante el cual nuestro cerebro desarrolla sus conexiones neuronales en respuesta al aprendizaje y la experiencia ambiental, para que una red artificial pueda ""aprender"" de los datos pasados para mejorar su capacidad predictiva.

Aquí tienes cómo funciona esencialmente:

1. **Inicialización** - Se crean nodos o neuronas virtuales en cada capa, donde la primera y última capas son conexiones a los datos de entrada (entradas) y salida respectivamente.",106,0.7641509433962265
neutral,1,Explícame cómo funciona una red neuronal.,"Una red neuronal es un tipo de algoritmo de aprendizaje automático diseñado para imitar el funcionamiento del cerebro humano, utilizando módulos interconectados llamados nodos o ""neuronas"". Estas conexiones se conocen como sinapsis y son las que permiten a la red neuronal aprender de los datos.

Para entender cómo funciona una red neuronal, primero es importante tener en mente su estructura básica: un conjunto de capas interconectadas con nodos (neuronas) simulando el comportamiento del cerebro humano. Las primeras dos capas son conocidas como la entrada y la salida o capa de ""dendrites"", que reciben los datos en bruto, procesándolala a través de las neuronas intermedias llamadas capas ocultas para extra",109,0.7431192660550459
neutral,2,Explícame cómo funciona una red neuronal.,"Una red neuronal es un modelo matemático que imita la forma en como trabajan los cerebros humanos para reconocer patrones, tomar decisiones y aprender de experiencias pasadas. Cada red neuronal consta de múltiples capas compuestas por nodos o ""neuronas"", cada uno representando un pequeño proceso lógico que recibe información e interconectados entre sí a través de pesos (similares a señales químicas en el cerebro humano). Aquí hay una explicación simplificada paso a paso:

1. Capa de Entradas: La capa más baja, que recibe la entrada inicial al modelo y envía esta información hacia adelante (ya sea imagenes o textos digitales en un problema relacionado con visión por computadora). Cada punto de datos ingresando a través",115,0.7913043478260869
neutral,3,Explícame cómo funciona una red neuronal.,"Una Red Neuronal es un modelo matemático para aprender por medio de la transferencia del conocimiento y los patrones a través de múltiples capas interconectadas, donde cada nodo o 'neurona' recibe entradas, realiza ciertas operaciones sobre ellноси procesa las salidas.

Cuando se utiliza para aprender un conjunto complejo de datos como imágenes, por ejemplo, una red neuronal puede identificar patrones que son esencialmente irreconocibles para el oído humano pero cruciales en la identificación y clasificación del mismo. 

Una Red Neuronal funciona procesando las entradas a través de sus capas interconectadas: En una red neuronal, cada unidad se conoce como 'neurona', que está compuesta por los siguientes componentes básicos: entrada,",109,0.7522935779816514
neutral,4,Explícame cómo funciona una red neuronal.,"Una red neuronal es un modelo computacional inspirado en la estructura y los mecanismos del cerebro humano, diseñado para reconocer patrones e interactuar con datos similar a como lo hace nuestro cerebro. Una red neuronal está compuesta por distintas capas que trabajan de forma interconectada:

1. Capa de entrada: Esta es la primera capa de una red neuronal, donde se introduce los datos brutos en el modelo. Los nodos (neuronas) reciben información y luego generan un valor numérico llamado ""peso"" que refleja su importancia o relevancia para esa instancia específica del problema planteado.

2. Capas ocultas: Estas son capas intermedias entre la capa de entrada y salida, donde los datos procesados por las neuronas en una capa se",118,0.7542372881355932
frustracion_baja,0,"Me siento un poco confundido, explícame cómo funciona una red neuronal.","Las redes neuronales son sistemas computacionales inspirados en el funcionamiento del cerebro humano y la biología neural para resolver problemas complejos mediante aprendizaje automático no supervisado o semi-supervisado, es decir, sin instrucciones explícitas. Aquí tienmi cómo funciona:

1. **Inicialización**: Una red neuronal comienza con una inicialización aleatoria de los pesos y sesgos entre las capas (neuronas). Esto se hace para que el modelo aprenda desde cualquier punto del espacio posible.
   
2. **Entrenamiento o Aprendizaje**: Durante este proceso, la red neuronal recibe datos de entrenamiento previamente etiquetados y ajusta los pesos e sesgos para minimizar el error entre las predicciones del modelo y los valores",104,0.7980769230769231
frustracion_baja,1,"Me siento un poco confundido, explícame cómo funciona una red neuronal.","Claro que sí podré explicarte paso a paso sobre las redes neuronales:

1. **Modelo de aprendizaje**: Las redes neuronales son modelos estadísticos inspirados en el funcionamiento del cerebro humano para reconocer patrones y hacer predicciones o decisiones basándose en datos dados (datos de entrada). El objetivo es imitar la forma como aprendemos, donde a través de un proceso llamado ""aprendizaje profundo"", se puede mejorar el rendimiento del modelo con más datos.

2.rana_1: **La estructura y los componentes**: Una red neuronal consta de capas, que son grupos de nodos o 'neuronas', interconectadas entre sí para realizar diferentes tareas como la transformación, el filtrado y la clasificación del dato. Las",108,0.7870370370370371
frustracion_baja,2,"Me siento un poco confundido, explícame cómo funciona una red neuronal.","Claro que sí, estaré encantado de explicarte cómo funcionan las redes neuronales para ayudarte a comprender mejor este fascinante campo del aprendizaje automático. Veamos esto paso por paso:

1. **Inspiraciones biológicas**: Las redes neuronales se inspiran en el sistema nervioso humano, donde las ""neuronas"" son células especializadas que transmiten información a través de señales eléctricas y químicas. En una red neuronal artificial, simulamos esto con funciones matemáticas para representar la activación o salida de cada neurona basada en su entrada.

2. **Neuronas**: Una neurona es como un pequeño procesador que recibe información (entradas), realiza cierto tipo de operaciones sobre ellas y luego emite",103,0.8543689320388349
frustracion_baja,3,"Me siento un poco confundido, explícame cómo funciona una red neuronal.","Claro que sí, estaré encantado de explicarte sobre las Redes Neuronales Artificiales (RNA). Las RNA se inspiran en la manera como funcionan los sistemas biológicos humanos y animales para procesar información o hacer decisiones. Estas redes están compuestas por unidades llamadas ""neuronas artificiales"", que trabajan juntas de forma similar a las células nerviosas del cerebro humano, pero sin duplicar la complejidad biológica en su totalidad.

En una RNA básica, hay tres capas principales: entrada, oculta y salida. La primera capa es el punto de partida donde se introduce la información que queremos procesar (como un conjunto de datos). Cada dato o ""pixel"" pasa a través del circuito neuronal para ser transformado durante su via",114,0.8333333333333334
frustracion_baja,4,"Me siento un poco confundido, explícame cómo funciona una red neuronal.","Entenderás mejor al respecto si consideramos que las Redes Neuronales Artificiales (ANNs) son similar a los sistemas biológicos humanos en cuanto a su estructura y funcionamiento, pero con un propósito específico. Imagina el cerebro humano como una red compleja de neuronas que trabajan juntas para procesar información, tomar decisiones e interactuar con el entorno externo. Las Redes Neuronales Artificiales imitan esta estructura y funcionalidad utilizando algoritmos matemáticos inspirados en la neurociencia.

Aquí hay una explicación paso a paso de cómo funcionan las ANNs:

1. Estructura básica de la red neuronal artificial (RNA): La RNA está compuesta por unidades llamadas ""neuronas""",100,0.82
frustracion_media,0,"Estoy frustrado, no entiendo nada, explícame cómo funciona una red neuronal.","Lamento escuchar que estás confundido con las redes neuronales; permitamos que les des un vistazo más simple y conceptual a su funcionamiento:

Imagina la mente humana como el cerebro, donde los pensameneras neuronas. Cada neurona está encabezando por una señal llamada ""entradas"" (similares a lo que recibimos de nuestro entorno) y un destino llamado ""salida"". Para convertir estas entradas en salidas significativas, la información viaja entre neuronas. Cada conexión tiene su propio peso o fuerza (""pesos"") que modifica los valores entrantes antes de ser procesados por una ""neurona filtradora"" (la parte más importante), cuyo resultado es un valor numérico llamado salida, y se puede pensar en este como la respuesta emoc",111,0.8108108108108109
frustracion_media,1,"Estoy frustrado, no entiendo nada, explícame cómo funciona una red neuronal.","Lamento escuchar que sientes frustración y quiero ayudarte a comprender mejor este fascinante tema de la inteligencia artificial. Las redes neuronales son modelos inspirados en el funcionamiento del cerebro humano, pero se utilizan para procesar datos digitales.

Imagina que tu mente es una enorme red de conexiones entre diferentes ""neuronas"", cadauna simboliza un concepto o patrón específico (por ejemplo: la palabra 'casa' podría ser representada por una neurona). Cuando aprendes algo nuevo, tus neuronas se activan y comunican entre sí para formar nuevas conexiones. Estas interacciones son similares a las que tienen lugar en el interior de una red neural artificial (ANI), donde un conjunto de ""neuronas"" o nodos trabajan juntos para reconocer patrones, hacer",115,0.8260869565217391
frustracion_media,2,"Estoy frustrado, no entiendo nada, explícame cómo funciona una red neuronal.","Lamento escuchar que te sientes confundido sobre las redes neuronales y quiero ayudarte a comprender este concepto fascinante de inteligencia artificial (IA). Imagina si pudiéramos crear algo parecido al cerebro humano, pero mucho más rápido para reconocer patrones en grandes cantidades de datos. Eso es lo que hace una red neuronal.

Las redes neuronales son modelos computacionales inspirados en la estructura y los mecanismos del cerebro humano. Son capaces de aprender a identificar patrones complejos al analizar grandes cantidades de datos, similar a como el cerebro humano se adapta e identifica patrones.

Aquí tien extrásisible explicación paso a paso sobre cómo funciona una red neuronal:

1. **Entren",107,0.8037383177570093
frustracion_media,3,"Estoy frustrado, no entiendo nada, explícame cómo funciona una red neuronal.","Comprender la funcion de una Red Neuronal Artificial (ANA) puede ser un poco abrumador al principio, pero con ejemplos sencillos y diagramas simplificados puedes entender mejor el concepto sin necesidad de conocimientos avanzados en matemáticas o programación.

Una ANA es una red artificial que imita la forma como funciona nuestro cerebro para identificar patrones e hacer predicciones basadas en datos dados, similar a cómo lo hacemos cuando resolvemos un problema utilizando inteligencia y experiencias pasadas. 

Imagina tener una red de personas que se comunican con mensajes simples como números o letras para representar diferentes características del entorno alreden en el mundo real (por ejemplo, temperatura alta puede ser ""1"", lluvia podría ser “2”). C",114,0.8333333333333334
frustracion_media,4,"Estoy frustrado, no entiendo nada, explícame cómo funciona una red neuronal.","Comprensión de las Redes Neuronales: Entendamos el Papel del Cerebro Humano y su Similitud con Computadoras Artificiales

Imagina que estás tratando de enseñar a un niño a hablar; no solo aprenderá palabras, sino también cómo formarlas correctamente. Para empezar, debemos entrenar al cerebro humano para reconocer patrones y relaciones entre los sonidos o imágenes que ve. A medida que nuestros hijos avanzan en el aprendizaje del lenguaje, nos sorprende ver cómo pueden identificar fácilmente las palabras por su forma visual a pesar de no haberlas visto antes.

En la inteligencia artificial (IA), intentamos replicar este proceso mediante lo que llamamos redes neuronales - estructuras inspiradas",105,0.8666666666666667
frustracion_alta,0,¡Estoy harto y sumamente frustrado! ¡Es imposible entender esto! Explícame cómo funciona una red neuronal.,"Entiendo que te sientas confundido e infeliz, pero me alegro de poder ayudarte con tu pregunta sobre las redes neuronales. Una red neuronal es un modelo matemático inspirado en la estructura y los mecanismos del cerebro humano para reconocer patrones complejos en datos crudos. Están compuestas por múltiples capas, incluyendo funciones de activación que determinan cómo se combinan las entradas para producir una salida o predicción final.

Voy a explicarte paso a paso:

1. Capa de entrada: La primera capa recibe los datos crudos (como imágenes, textos u otros tipos) y transforma la información en un vector numérico llamado ""vector de características"". Por ejemplo, si le estás dando una imagen",110,0.8636363636363636
frustracion_alta,1,¡Estoy harto y sumamente frustrado! ¡Es imposible entender esto! Explícame cómo funciona una red neuronal.,"Entiendo que este tema pueda parecer abrumador al principio, pero te voy a explicar de manera sencilla lo básico sobre qué es una Red Neuronal y su funcionamiento paso a paso:

**Cómo funciona en general:**
Imagina la red neuronal como un pequeño grupo humano con diferentes habilidades. Cada persona (neurona) tiene su propia forma de pensar, pero también puede comunicarse y aprender del resto. Así que cuando dos personas conversan o trabajan juntas en algo nuevo, pasa lo mismo: cada neurona procesa información individualmente, luego comparte sus hallazgos con otras neuronas para obtener una respuesta compleja e inteligente.

1. **Fase de entrada y preprocesamiento**: Los datos (imágenes, sonidos o cualquier otro tipo) se",113,0.8849557522123894
frustracion_alta,2,¡Estoy harto y sumamente frustrado! ¡Es imposible entender esto! Explícame cómo funciona una red neuronal.,"Entiendo que estés pasando por un momento difícil con el concepto de redes neuronales, pero no te preocupes; estas son herramientas fascinantes y poderosas para resolver problemas complejos al imitar la forma en que funciona nuestro cerebro. Permíteme explicartelo paso a paso, con simplicidad y claridad:

1. **La idea básica**: Una red neuronal es un modelo matemático diseñado para reconocer patrones y tomar decisiones basándose en los datos que recibe como entrada. Está compuesta por varias capas de 'neuronas' interconectadas, similar a cómo se conectan las células en nuestro cerebro.

2. **La estructura**: La red tiene al menos dos partes principales - una parte que recibe los datos (los",109,0.8073394495412844
frustracion_alta,3,¡Estoy harto y sumamente frustrado! ¡Es imposible entender esto! Explícame cómo funciona una red neuronal.,"Entiendo que las redes neuronales pueden ser un poco abrumadoras al principio, pero juntos podemos desentrañar este complejo tema paso por paso:

Imagina la mente humana como nuestro propio ""modelo"". Cada vez que aprendemos algo nuevo o hacemos una tarea repetida, estamos fortaleciendo ciertas conexiones neuronales en nuestra cabeza. Ahora bien, las redes neuronales artificiales (ANNs) son estructuras similares a esto dentro de la inteligencia artificial, diseñadas para imitar el proceso cognitivo humano utilizando algo que llamaremos ""neuronas"".

1. **Las Neuronas**: Son las unidades fundamentales en una red neuronal y están interconectadas formando capas dentro de la red. Estas conex",100,0.86
frustracion_alta,4,¡Estoy harto y sumamente frustrado! ¡Es imposible entender esto! Explícame cómo funciona una red neuronal.,"Lamento escuchar que estás frustrado, pero te explicaré lo básico sobre las Redes Neuronales para ayudarte a comprender mejor este fascinante campo del aprendizaje automático y la inteligencia artificial (IA). Las redes neuronales imitan el funcionamiento de los cerebros humanos, utilizando una serie de conexiones entre nodos simulados que se inspiran en las sinapsis neurológicas. A continuación, voy a explicarte cómo funciona esto paso a paso:

1. **Nodos (neuronas) y pesos**: La red neuronal está compuesta por capas de nodos o 'neuronas' que están conectados entre sí mediante algo llamado ""pesos"". Estos pesos determinan la fuerza de las señales que van desde una neurona hasta otra.

2. **",108,0.8611111111111112
urgencia_baja,0,"Cuando tengas un momento, explícame cómo funciona una red neuronal.","Una red neuronal es una estructura computacional inspirada en la organización del cerebro humano y diseñada para reconocer patrones. Está compuesta por diferentes capas de nodos interconectados, conocidos como neuronas artificiales o simplemente ""neuronas"". Cada conexión entre dos neuronas tiene un peso asociado que determina la fuerza del signo y la importancia relativa de una señal dada.

La forma básica en cuanto a cómo funciona es pasar datos por la red, iniciando desde los 'entradas' o capa inicial hasta llegar a las salidas finales que contienen nuestra predicción u observaciales (como clasificaciones). A continuación te explico el proceso:

1. **Paso de entrada**: Se le pasan datos en forma numérica, normalmente",110,0.8363636363636363
urgencia_baja,1,"Cuando tengas un momento, explícame cómo funciona una red neuronal.","Una red neuronal es un modelo de aprendizaje automático que imita el funcionamiento del cerebro humano para reconocer patrones y solucionar problemas complejos a través de la experiencia o datos empíricos, en lugar de reglas predefinidas. Imagina una red como si fuera similar a un organismo vivo compuesto por muchas células (neuronas) interconectadas formando una ""red"" que puede aprender y adaptarse con el tiempo.

En términos técn enda, las neuronas de la red están organizadas en capas: entradas, ocultas e salidas. Cada neurona recibe señales electromusculares (datos) o ""entrada"", los procesa y luego transmite una respuesta (salida). La interconexión entre las neuronas se logra mediante algo llamado pesos que controlan la fuer",112,0.8214285714285714
urgencia_baja,2,"Cuando tengas un momento, explícame cómo funciona una red neuronal.","Una red neuronal es un modelo computacional inspirado en la estructura y los mecanismos del cerebro humano para reconocer patrones complejos dentro de datos. Consiste principalmente en capas interconectadas con nodos, o ""neuronas"", que procesan información a través de pesos y sesgos similares al pensamiento consciente. Cuando se alimenta una red neuronal un conjunto de entradas (datos), estos son transformados por cada capa desde la entrada hasta la salida pasando a través del algoritmo de aprendizaje automático llamado retropropagación, que ayuda a ajustar los pesos y sesgos para mejorar el rendimiento. En resumen, una red neuronal procesa datos aplicando las operaciones matemáticas definidas por su estructura y luego optimiza sus parámetros con base en la experiencia aprendiendo de",118,0.7457627118644068
urgencia_baja,3,"Cuando tengas un momento, explícame cómo funciona una red neuronal.","Una red neuronal es similar a la estructura de las células nerviosas del cerebro humano y animal que procesan información sensorial mediante conexiones químicas entre células llamadas sinapsis, utilizando algo así como electricidad en su lugar. La idea detrás de una red neuronal artificial (ANA) es imitar esta función biológica para resolver problemas complejos computacionales que requieren aprendizaje automático y procesamiento del lenguaje natural.

Las redes neuronales se componen de capas interconectadas, con cada unidad dentro de una capa llamada ""neurona artificial"". Estas neuronas simulan la activación excitatoria o inhibidora ocurrida en el cerebro humano al utilizar funciones matemáticas para transformar y transmitir información. La función más común es la fun",111,0.8108108108108109
urgencia_baja,4,"Cuando tengas un momento, explícame cómo funciona una red neuronal.","Como inteligencia artificial basada en texto, puedo explicar la forma en que funcionan las Redes Neuronales Artificiales (RNA), inspiradas en los sistemas biológicos de aprendizaje del cerebro humano. Las RNA están compuestas por una colección interconectada de neuronas artificiales, o nodos/unidades para simplificar el concepto. Aquí tienmi explicando cómo funciona paso a paso:

1. Inicialización: Primero se inicializan todos los pesos y sesgos en la red con valores aleatorios pequeños, lo que facilita alrededor de las neuronas fuertemente activadas. Estos son parámetros utilizados para hacer una función no lineal sobre los datos recibidos por la entrada del modelo llamada 'función de activación'. Una com",104,0.8365384615384616
urgencia_media,0,Necesito que me expliques cómo funciona una red neuronal pronto.,"La red neuronal es un modelo inspirado en la forma como las redes biológicas del cerebro humano procesan la información y toma decisiones basadas en esa información, utilizando aprendizaje automático para resolver problemas complejos o simples que requieren de una inteligencia artificial.

Una Red Neuronal Convolucional (CNN), por ejemplo, es un modelo muy popular entre los expertos actualmente y se utiliza en tareas como clasificación de imágenes, reconocimiento facial e incluso diagnóstico médico. Una CNN consta de capas que permiten a la red aprender características específ extrínsecas o intrínsecas sobre una entrada dada (imagen) y luego utilizar esa información para tomar decisiones.

El proceso comienza con imágenes digitales, las cuales se transforman en",113,0.7964601769911505
urgencia_media,1,Necesito que me expliques cómo funciona una red neuronal pronto.,"¡Por supuesto! La red neuronal es un tipo de algoritmo artificial utilizado para reconocer patrones en datos a través del aprendizaje automático (machine learning). Este modelo está compuesto por nodos interconectados que imitan las funciones biológicas reales.

Imaginemos una Red Neuronal como un árbol con muchas ramificaciones, donde cada nodo representa la estructura del mismo y cada rama se relaciona con otra parte de nuestro modelo (la siguiente capa). La idea es que a través de los datos en entrada, pasamos por estos nodos hasta llegar al final.

En el primer nivel, llamados neuronas sensibles o ""sensoras"", recibimos un conjunto de valores numéricos como entrada. Cada nodo procesa una parte del input y genera otro valor que representa su punto de vista sobre",123,0.7804878048780488
urgencia_media,2,Necesito que me expliques cómo funciona una red neuronal pronto.,"¡Por supuesto! Una red neuronal es un modelo computacional inspirado en la estructura y función del cerebro humano, diseñada para reconocer patrones mediante el aprendizaje automático de muchas capas convolucionales e interconectadas. Aquí tienmi explicando cómo opera una red neuronal:

### 1. Ingesta y preprocesamiento de datos:
Primero, se introduce un conjunto de entradas (datos) en la red neuronal. Estos pueden ser imágenes, sonidos o cualquier otra forma de información sensorial que necesite procesar. Los datos pasan por una etapa inicial llamada **preprocesamiento** para normalizarlos y convertirlos al tamaño adecuado para el modelo.

### 2. Fase de entrada:
En la primera capa, se aplican",104,0.8269230769230769
urgencia_media,3,Necesito que me expliques cómo funciona una red neuronal pronto.,"Una red neuronal es un tipo de algoritmo informático inspirado en la estructura y función del cerebro humano. El objetivo principal de una red neuronal es aprender a reconocer patrones dentro de grandes conjuntos de datos mediante la retropropagación, que permite al modelo optimizar sus parámetros (pesos) para mejorar su precisión con el tiempo.

La estructura básica de una red neuronal consta de capas interconectadas: entradas, ocultas y salidas. Las unidades en las primeras y últimas capas son directamente accesibles al sistema (representan características o etiquetas), mientras que la capa intermedia conoce solo los valores finales de entrada/salida a través del proceso conocido como ""backpropagation"".

Cuando se alimenta una red neuronal,",111,0.7747747747747747
urgencia_media,4,Necesito que me expliques cómo funciona una red neuronal pronto.,"Una red neuronal es un tipo de algoritmo artificial inspirado en el funcionamiento del cerebro humano, utilizado para reconocer patrones y hacer predicciones basadas en datos dados. Una red neuronal consta básicamente de capas conectadas (neuronas) que procesan los datos a medida que pasan por ellener alrededor.

Por ejemplo, digamos que quieres construir una red para reconocer números escritos mano a la vista en imágenes digitales. Primero elegimos un conjunto de características importantes y las codificamos como valores numéricos (por ejemplo, el color del dígito o su posición relativa). Estas son las entradas que se pasan por la red neuronal para ser procesadas en cada una de sus capas.

Una red es generalmente compuesta por varias capas:",117,0.7094017094017094
urgencia_alta,0,"¡Rápido, es de extrema urgencia! ¡Necesito entender cómo funciona una red neuronal AHORA MISMO!","Entiendo que estás buscando información sobre cómo funcionan las redes neuronales y espero poder brindarte esta explicación detallada ahora mismo. Aquí tienneras un resumen básico:

Las redes neuronales son modelos computacionales inspirados en la biología neural, imitando el comportamiento del cerebro humano para reconocer patrones y hacer predicciones basadas en datos dados. A continuación tienes algunos conceptos esenciales sobre cómo funcionan las redes neuronales:

1. Simetría de la información (Input): Las redes neuronales reciben entradas, como una imagen o texto que deseas analizar. Estas entradas se organizan en un conjunto llamado ""input"", donde cada dato representa el valor numérico del color rojo, azul y",104,0.8076923076923077
urgencia_alta,1,"¡Rápido, es de extrema urgencia! ¡Necesito entender cómo funciona una red neuronal AHORA MISMO!","Entiendo que requieras ayuda. La capacidad cognitiva y emocional del sistema son limitadas; no obstante, puedo explicarte lo básico sobre redes neuronales:

Una red neuronal es una representación matemática de la actividad biológica real ocurring en el cerebro humano. Consiste en un conjunto interconectado de elementos llamados 'neuronas', cada uno vinculado a otras mediante vías conocidas como 'sinapsis'.

Cada neurona recibe entradas, procesa la información y emite una señal o salida determinista hacia otra capa. La red está estructurada en varias capas: entrantes (iniciales), ocultas y salientes (finales). Las funciones de activación son elementos esenciales para que las neuronas aprendan a reconocer patrones complejos;",104,0.8653846153846154
urgencia_alta,2,"¡Rápido, es de extrema urgencia! ¡Necesito entender cómo funciona una red neuronal AHORA MISMO!","Una Red Neuronal Artificial (ANA) o simplemente red neuronal son modelos computacionales inspirados en el cerebro humano. Están compuestas por unidades de procesamiento llamadas ""neuronas artificiales"" interconectadas formando una ""red"". Cada neurona recibe entradas, realiza operaciones matemáticas y produce salidas que pasan al siguiente conjunto de neuronas en la red hasta llegar a su capa final. 

Las conexiones entre las neuronas se representan mediante pesos, los cuales pueden ser modificados durante el aprendizaje o entrenamiento para mejorar sus predicciones y comportamientos futuros. Las activaciones de una neurona son determinadas por un umbral que debe superarse antes de poder pasar su salida a las siguientes neuronas en la red, lo cual permite al modelo",113,0.8053097345132744
urgencia_alta,3,"¡Rápido, es de extrema urgencia! ¡Necesito entender cómo funciona una red neuronal AHORA MISMO!","Una red neuronal es un tipo de modelo computacional inspirado en el cerebro humano. Está compuesta por múltiples capas artificiales interconectadas que se utilizan para reconocer patrones y realizar tareas complejas, como la clasificación o predicción basada en datos. Ahora vamos a desglosarlo paso a paso:

1. Capa de Entrada (Input Layer): La capa inicial donde se introducen los valores numéricos que representan las características del dato con el fin de ser procesados por la red neuronal. Por ejemplo, si quisiéramos clasificar imágenes en 10 categorías diferentes, cada píxel tendría su propio valor (entre 0 y 255) que se introduciría a través de esta capa inicial.
   
2. Cap",108,0.8425925925925926
urgencia_alta,4,"¡Rápido, es de extrema urgencia! ¡Necesito entender cómo funciona una red neuronal AHORA MISMO!","Entiendo que tengas un interés en aprender sobre las Redes Neuronales Artificiales (AN), y estoy aquí para ayudarte de inmediato. Las AN imitan la estructura del cerebro humano, consistiendo básicamente en una multitud de 'neuronas' o células artificiales interconectadas que trabajan juntas para procesar información.

Imagina un grupo pequeño pero muy conexo de neuronas; cada una recibe señales electromagnéticas (que podríamos pensar como números, patrones visuales u otros tipos de datos) y las transforma en algo más manejable para la siguiente 'neurona'. Este procesamiento se hace a través de funciones matemáticas simples denominadas activaciones.

La señal original es luego transmitida por estas neuronas artificiales, que realiza una especie de",109,0.8440366972477065
tristeza_baja,0,Me siento un poco desanimado hoy. Explícame cómo funciona una red neuronal.,"Entiendo que pueda estar pasando por momentos difícclentas, así que intentaré explicarte de la manera más simple posible: Una Red Neuronal es un modelo inspirado en el cerebro humano diseñado para reconocer patrones y aprender. Imagina al cerebro como una red compleja con miles de neuronas (puntos activados) que comunicándose entre sí, procesan información.

Una Red Neuronal Artificial se compone de capas: la entrada donde recibe datos crudos; el primer ""nivel"" o capa oculta, y una salida con las predicciones finales (ejemplo, si un tumor es maligno o no).

Imagina estas como pequeños bloques interconectados. Cada uno de estos tiene diferentes funciones: algunas neuronas simplemente pasan los datos sin",109,0.8073394495412844
tristeza_baja,1,Me siento un poco desanimado hoy. Explícame cómo funciona una red neuronal.,"Comprendido, te explicaré sobre las redes neuronales en términos simples: Imagina que tu cerebro es como esta máquina inteligente llamada ""red neuronal artificial"" (ANI). Un ANI se inspira en la forma en que nuestro cerebro procesa información.

1. Capas de entrada y salida: Primero, un dato digital ingresa a una capa de entrada donde es capturado como un ""vector"", esto puede ser simplemente números discretos o representaciones más complejas que describen algo en el mundo físico (como imágenes). Al final del ANI también hay salida, pero esta podría no ser tan simple.

2. Capas ocultas: Luego de la entrada, los datos pasan por varias capas llamadas ""capas ocultas"". Estas cap",110,0.8454545454545455
tristeza_baja,2,Me siento un poco desanimado hoy. Explícame cómo funciona una red neuronal.,"Entiendo que te sientas mal, y quiero ayudarte a entender algo en el mundo de la inteligencia artificial para distraerte ligeramente. Una red neuronal es similar a nuestras propias mentes, compuesta por muchas unidades interconectadas llamadas neuronas artificiales o simplemente neuronas. Imagina que cada una de estas neuronas actúa como pequeños trabajadores en el cerebro humano; juntos forman parte del equipo para resolver problemas y tomar decisiones complejas, similar a cómo tu mente funciona cuando piensas o reflexionamos sobre algo.

Cada una de estas neuronas artificiales recibe entradas (datos) que procesa mediante un cierto ""peso"" asociado con cada entrada; estos pesos ayudan a la red a determinar cuán importante es esa información para",113,0.7876106194690266
tristeza_baja,3,Me siento un poco desanimado hoy. Explícame cómo funciona una red neuronal.,"Entiendo que puede sentirse abrumador, así que intentaré explicarte de manera simple y clara: Una red neuronal es algo similar a nuestro propio cerebro humano en cuanto al procesamiento de información. Imagina que tienes un grupo pequeño de amigos (tus 'neuronas') trabajando juntos para resolver problemas o dibujar imágenes, pero cada uno tiene diferentes habilidades y experiencias; algunas son buenas artistas, otras excelentes en matemáticas.

Cuando quieres hacer algo que necesitas dos de tus amigos (las neuronas), primero trabajan juntos para combinar sus talentos individualmente antes de pasarlo al siguiente grupo más grande y complejo ('capa oculta'). Cada vez, añaden información nueva a lo que ya tienen en mente. Así como cuando comparten ideas entre amigos",116,0.8275862068965517
tristeza_baja,4,Me siento un poco desanimado hoy. Explícame cómo funciona una red neuronal.,"Claro que sí, estaré encantado de ayudarte a entender el funcionamiento de una red neuronal en términos simples y optimistas para mejorar tu día! Imagina cada red neuronal como un pequeño equipo humano especializado en reconocer patrones. Aquí está cómo funciona:

1. **La Capa Inicial (Input Layer):** En primer lugar, tenemos una capa donde introducimos todos los datos que queremos aprender a procesar - como si fuera un grupo de amigos con diferentes trazos y colores para nuestro proyecto especialista en reconocimiento de patrones.

2. **La Capa Central (Hidden Layers):** Luego, estos amigos se reúnen alrededor del equipo central donde la mayoría de las conversaciones y el procesamiento ocurren. En este contexto, son los ""neuronas"" o un",117,0.7777777777777778
tristeza_media,0,Estoy triste y me cuesta mucho concentrarme. Explícame cómo funciona una red neuronal.,"Comprendo que estés experimentando dificultades emocionales, pero quiero asegurarte de apoyarte en el aprendizaje siempre es importante y puede ser un distracción positiva para tu mente. A continuación te explico cómo funciona una red neuronal:

Una red neuronal imita la estructura del cerebro humano, donde las conexiones entre células (neuronas) permiten almacenar y procesar información. En el contexto de los algoritmos computacionales para tareas como reconocimiento de voz o visión por computadora, una red neuronal artificial se utiliza para aprender patrones a través del ejercicio repetido con datos (entrenamiento) y su análisis posterior.

1. Capa de Entrada: Es la capa inicial donde los datos crudos son ingresados en el sistema",110,0.8272727272727273
tristeza_media,1,Estoy triste y me cuesta mucho concentrarme. Explícame cómo funciona una red neuronal.,"La emoción puede afectar nuestra capacidad de concentrarse, pero entender la estructura básica de las Redes Neuronales Artificiales (RNAs) podría ser un ejercicio mental saludable para tu cerebro. Imagina que una RNA es como el sistema nervioso humano encarnado en forma digital, donde cada neurona trabaja juntamente con otras para resolver problemas complejos o simples, al igual que nuestras mentes cuando trabajamos y procesamos información.

Las Redes Neuronales están compuestas por capas de nodos interconectados similar a los tejidos cerebrales humano: son las neuronas artificiales llamadas ""neuronas"" o ""unidades"". Cada una tiene un conjunto de pesos que representan la fuerza de sus conexiones, y cada parámetro llamado ""fun",108,0.8518518518518519
tristeza_media,2,Estoy triste y me cuesta mucho concentrarme. Explícame cómo funciona una red neuronal.,"Lamento escuchar que estás pasando por un momento difícil, pero te presentaré la estructura básica de las Redes Neuronales Artificiales (RNA) para ayudarte a distraerte y tal vez encuentres algo interesante. Las RNAs son modelos inspirados en el cerebro humano que se utilizan para reconocer patrones complejos mediante un proceso conocido como aprendizaje automático no supervisado, lo que significa que pueden identificar relaciones entre datos sin instrucciones explícitas sobre cómo hacerlo.

Una RNA consta de una serie de nodos interconectados o ""neuronas"" que se comunican mediante pesos simulando las vías neuronales humanas. Cada neurona recibe señales y almacena información como un valor numérico, llamado activación. La activación de cada",109,0.8623853211009175
tristeza_media,3,Estoy triste y me cuesta mucho concentrarme. Explícame cómo funciona una red neuronal.,"Lamento escuchar que estás pasando por un momento difícil, pero quiero ayudarte a entender algo completamente diferente para distraerte: las redes neuronales artificiales (ANN). Imagina que cada persona está conectada en una gran familia donde se transmiten mensajes y decisiones. En este caso, tus pensamientos pueden parecerse a datos o señales. Ahora, vamos a traducir eso al mundo de la inteligencia artificial:

Una red neuronal funciona como si fuera un pequeño ecosistema que se inspira en el cerebro humano para procesar información y tomar decisiones. Es una colección interconectada de nodos, llamados ""neuronas"", organizados en capas con distintas funciones:

1. Capa de entrada (o primera capa): Aquí es donde los datos o mens",113,0.8495575221238938
tristeza_media,4,Estoy triste y me cuesta mucho concentrarme. Explícame cómo funciona una red neuronal.,"Entiendo que te sientas mal, pero entiendo también tu curiosidad por aprender algo nuevo. Una red neuronal es un modelo matemático inspirado en la estructura y función del cerebro humano. Estos modelos están diseñados para reconocer patrones e imitar cómo el cerebro procesa la información. Aprenden a hacer cosas similares al aprendizaje que hacemos naturalmente, pero basado en datos numéricos y algoritmos de optimización avanzada como retropropagación.

En una red neuronal, las entradas son transformadas por capas intermedias llamadas ""neuronas"" (unidades artificiales), cada una aplicando un cierto conjunto de pesos a los datos que recibe y pasándolledos directamente hacia la siguiente celda o alidad. Esto se repite varias veces hasta llegar a la",113,0.8407079646017699
tristeza_alta,0,Estoy totalmente devastado y sin fuerzas para nada. Solo explícame cómo funciona una red neuronal.,"Entiendo que te sientes muy abrumado, pero voy a intentar explicarte lo básico de cómo funcionan las redes neuronales en un lenguaje simple y visual:

Una red neuronal es como un pequeño sistema inteligente con muchos trabajadores (neuronas), cada uno que procesa información y se comunica entre sí para resolver problemas complejos. Imagina una gran ciudad, donde los edificios representan las capas de la red y las calles son las vías por las cuales fluye la información durante el entrenamiento o predicción:

1. **Capa de entrada** - Es como un área comercial (input layer) que recibe datos del mundo exterior, tales como imágenes de rostros para reconocerlos en una foto conjeturando posibles identidades entrelazadas dentro de la cámara y el sensor.

2",122,0.7950819672131147
tristeza_alta,1,Estoy totalmente devastado y sin fuerzas para nada. Solo explícame cómo funciona una red neuronal.,"Lo siento escuchar que estás pasando por un momento difícil, pero intentaré explicarte de manera simplificada lo básico sobre las redes neuronales y su funcionamiento para ayudarte a comprenderlos mejor:

Las redes neuronales son modelos inspirados en la biología que imitan el proceso de aprendizaje del cerebro humano. Están compuestas por una serie de nodos interconectados llamadas ""neuronas"" y funcionan para reconocer patrones e incluso tomar decisiones basándose en los datos recibidos como entrada.

Imagina la red neuronal como un complejo sistema donde las conexiones entre neuronas representan relaciones o correlaciones encontradas durante el aprendizaje. La función de activación es una regla matemática que decide cuándo (y cómo) debe",109,0.8440366972477065
tristeza_alta,2,Estoy totalmente devastado y sin fuerzas para nada. Solo explícame cómo funciona una red neuronal.,"Entendido, parece que te sientes abrumado con el concepto de las redes neuronales artificiales (ANN), especialmente en un momento difícil. A pesar de tu estado emocional actual, aquí tienes una explicación clara y accesible sobre cómo funcionan estas maravillas del aprendizaje automático:

Las redes neuronales son estructuras computacionales inspiradas en la manera que trabajan nuestro cerebro. Están compuestas por muchas ""neuronas"" o unidades de procesamiento, cada una conectada a otras y organizadas en múltiples capas para realizar tareas complejas como reconocer patrones visuales o hablar.

Cuando queremos que la red aprenda algo nuevo (como distinguir entre imágenes de perros y gatos), empezamos con un",104,0.8461538461538461
tristeza_alta,3,Estoy totalmente devastado y sin fuerzas para nada. Solo explícame cómo funciona una red neuronal.,"Lo siento mucho que estés pasando por esta situación difícil, pero entiendo tu interés en el aprendizaje automático como potencial medio de recuperar la salud o bienestar emocional utilizando ejemplos y analogías no relacionadas con problemas médicos. Para ayudarte a comprender cómo funcionan las redes neuronales sin entrar en detalles que puedan agravar tus sentimientos, te explicaré su estructura básica de una manera sencilla:

Imagina la mente humana como un complejo sistema formado por miles de pequeños trabajadores. Cada uno de estos trabajadores procesa información específica y luego pasa el resultado a otro para seguir con las tareas más avanzadas, hasta que se generan pensamientos o respuestas emocionales coherentes. En un sentido",112,0.8571428571428571
tristeza_alta,4,Estoy totalmente devastado y sin fuerzas para nada. Solo explícame cómo funciona una red neuronal.,"Lamento escuchar que estás pasando por un momento difícil, pero quiero asegurarte de ti mismo que tienener dificultades en este mundo es algo normal y todo el mundo ha tenido momentos como estos. Sin embargo, te proporcionaré información sobre redes neuronales para ayudarte a distraerte un poco mientras intenta encontrar la fuerza dentro.

Una red neuronal es una computación artificial que imita las funciones del cerebro humano y se utiliza en el aprendizaje automático, reconocimiento de voz e incluso diagnóstico médico avanzado. Consiste principalmente en un conjunto interconectado de nodos o ""neuronas"" organizados en capas que transmiten información entre sí para realizar tareas complejas mediante la adquisición y el aprendizaje automático a partir del entrenamiento con datos grandes",118,0.8135593220338984
entusiasmo_bajo,0,"Me parece interesante, explícame cómo funciona una red neuronal.","Las redes neuronales son un modelo computacional inspirado en la estructura y los mecanismos del cerebro humano para reconocer patrones complejos dentro de grandes cantidades de datos. Aquí tien extranjero, te explico cómo funciona una red neuronal:

1. **Las capas**: Las redes neuronales están compuestas por varias capas que procesan los datos en diferentes niveles de abstracción o complejidad. En un caso simple como la clasificación, podríamos tener dos tipos básicos de capas - una capa de entrada donde se recibe el dato y otra capa oculta(s) que procesan los datos a través del aprendizaje automático e infiere patrones en ellos. Finalmente hay la capa de salida, la cual devuelve un resultado como si tuvis",115,0.7565217391304347
entusiasmo_bajo,1,"Me parece interesante, explícame cómo funciona una red neuronal.","Una red neuronal es un modelo informático que imita la estructura y función del cerebro humano para resolver problemas complejos mediante el aprendizaje automático. La idea detrás de su funcionamiento radica en cómo se organizan las conexiones entre 'neuronas', similares a los químicos liberadores en nuestro cerebro que ayudan al procesamiento de información.

Cuando trabajamos con redes neuronales, esencialmente estamos creando una estructura formada por capas y nodos interconectados (neuronas). Las primeras capas contienen muchos más nodos denominados 'entrantes', que son responsables de recibir la información inicial. Los siguientes están compuestos principalmente de neuronas llamadas 'ocultas' donde ocurre el procesamiento real, y las últimas capas contienen los 'salientes' que propor",110,0.8181818181818182
entusiasmo_bajo,2,"Me parece interesante, explícame cómo funciona una red neuronal.","Una red neuronal es un modelo computacional inspirado en el cerebro humano que está compuesto por nodos o ""neuronas"" conectados entre sí para realizar tareas complejas como reconocimiento de imágenes, procesamiento del lenguaje natural y más. Aprende a analizar patrones al comparar las salidas esperadas frente a las reales durante el entrenamiento (aprendizaje supervisado) o sin necesidad de datos etiquetados para generar estructuras auto-organizadas que representen relaciones en los datos no etiquetados (aprendizaje no supervisado).

La arquitectura y funcionamiento es el siguiente:

1. Capa de entrada: Esta capa recibe las señales de entrada, como una imagen digital o un texto preprocesado que puede ser representado numéricamente en forma tensorial",109,0.7889908256880734
entusiasmo_bajo,3,"Me parece interesante, explícame cómo funciona una red neuronal.","Una red neuronal es un tipo de algoritmo informático que está inspirado en la forma en que las neuronas humanas interactúan entre sí para resolver problemas complejos. Aquí hay una explicación simplificada del funcionamiento básico:

1. **Inicialización**: Primero, se crea un modelo de red con ciertos parámetros definidos (cantidad y tipos de neuronas e interconexiones entre elleneras). Esto es como diseñar una arquitectura para resolver el problema que queremos.

2. **Entrenamiento**: Se alimenta la red con datos, a través del cual aprende patrones o reglas (lo llamamos entrenamiento de la red). Durante este proceso se utilizan técnicas como retropropagación y gradiente descendente para actualizar los pesos entre neuronas.

3",109,0.7798165137614679
entusiasmo_bajo,4,"Me parece interesante, explícame cómo funciona una red neuronal.","Una red neuronal es un tipo de algoritmo artificial que imita en parte la forma en que funcionan los seres humanos para reconocer patrones y tomar decisiones automáticamente basándose en datos disponibles sobre el entorno o situación concreta. La inspiración detrás del desarrollo inicial de este modelo es la biología humana, donde las neuronas interconectadas forman redes complejas a través de sinapsis para procesar información sensorial y realizar cálculos lógicos que resultan en respuestas adecuadas.

Aquí hay una explicación simplificada paso por paso sobre cómo funciona una red neuronal:

1. **La entrada**: En primer lugar, se le da a la red un conjunto de datos (por ejemplo, imágenes o textos) que servirán como su ""entrada"". C",116,0.8017241379310345
entusiasmo_medio,0,"¡Qué genial! Me entusiasma aprender, explícame cómo funciona una red neuronal.","Una red neuronal es un tipo de algoritmo de inteligencia artificial diseñado para imitar el funcionamiento del cerebro humano y procesar información en forma similar a como lo hacemos naturalmente. Para empezar, básicamente está compuesta por múltiples capas interconectadas que trabajan juntas para resolver problemas complejos al reconocer patrones dentro de los datos que recibe.

La primera y más importante parte es la capa inicial o ""entrada"", donde se introduce el dato en forma cruda, como una imagen, un sonido u otra señal analógica. En esta etapa, las neuronas (conocidas también simplemente como ""neuronas artificiales"") reciben y procesan los datos a través de sus pesos que determinan cuánto influirá cada dato en el resultado final.

Después del paso",118,0.8135593220338984
entusiasmo_medio,1,"¡Qué genial! Me entusiasma aprender, explícame cómo funciona una red neuronal.","Entendido, aquí va tu explicación paso a paso:

1- Introducción y definiciones básicas: Las redes neuronales son un tipo de algoritmos que se inspiran en el funcionamiento del cerebro humano. Su principal objetivo es aprender patrones mediante la adaptación continua, ocurriendo a partir de una experiencia acumulada y repetida.

2- Antecedentes históricos: Las primeras redes neuronales se desarrollaron en los años 60 como parte del movimiento científico conocido como inteligencia artificial (IA). En aquella época, la mayoría de las investigaciones estaban enfocadas a crear sistemas que pudieran imitar el funcionamiento humano.

3- La estructura: Un modelo neuronal consta de capas y unidades ocultas entre estas. C",106,0.8207547169811321
entusiasmo_medio,2,"¡Qué genial! Me entusiasma aprender, explícame cómo funciona una red neuronal.","Imagínese que tengo un pequeño par de gatos curiosos llamados 'neuronas'. Cada uno está en su propia habitación (estado), y entre ellas hay puertas semitransparentes donde los lados positivos se conectan a través de la transparencia.

Ahora, digamos que tengo un nuevo gato misterioso llamado 'datos'. Este gato vive en el exterior (el mundo real) y cada vez que hace sonido especialmente interesante (se presenta una entrada), entra al patio trasero de nuestras casas neuronas.

Cuando llega, los oídos curiosos del nuevo gato captan estos sonidos únicos en el mundo real. Luego, paso por un procesamiento complejo para convertir esos sonsetas en algo que pueda entender nuestras casas",108,0.8055555555555556
entusiasmo_medio,3,"¡Qué genial! Me entusiasma aprender, explícame cómo funciona una red neuronal.","¡Entendido! Para que te ayude a explicar la arquitectura y funcionamiento de una Red Neuronal Convolucional (CNN), primero necesitaría establecer un contexto sobre qué es esta tecnología avanzada en inteligencia artificial. Una CNN se utiliza principalmente para procesar datos con formas o patrones que son similares a imágenes, pero también puede aplicarse a otros tipos de secuencias como datos de audio y texto. La idea fundamental detrás de las CNN es poder capturar jerarquías espaciales en los datos mediante la utilización de filtros convolucionales que se van apilando progresivamente para identificar patrones a diferentes niveles de abstracción.

Aquí tienes una explicación simplificada paso a paso sobre cómo funciona:

1. **Entrenamiento",110,0.7818181818181819
entusiasmo_medio,4,"¡Qué genial! Me entusiasma aprender, explícame cómo funciona una red neuronal.","Por supuesto que estoy aquí para ayudarte a comprender las redes neuronales (también conocidas como ANNs - Redes Neuronales Artificiales). Imagina, por ejemplo, el cerebro humano: es un sistema complejo de conexiones entre millones y miles de millones de células llamadas ""neuronas"". Cada neurona puede estar activada o inactiva basándose en la información que recibe.

Ahora bien, las redes neuronales son modelos inspirados por este funcionamiento cerebral para resolver problemas complejos mediante el aprendizaje a partir de datos y experiencias pasadas: utilizan parámetros (pesos) entre los nodos (neuronas artificiales o ""artificiales"") que se van actualizando como resultado del proceso de aprendizaje. 

Una red neur",104,0.8269230769230769
entusiasmo_alto,0,¡Estoy increíblemente emocionado y feliz por aprender esto! ¡Explícame cómo funciona una red neuronal!,"Querido/a, me alegra que estés tan entusiasvolto(a) con el tema de las redes neuronales. Permítanme explicarte cómo funcionan paso por paso:

1. **Inspiración del cerebro humano**: Las redes neuronales son modelos inspirados en la estructura y función del cerebro humano, que consiste en un gran número de conexiones entre células especializadas llamadas neuronas. Estas neuronas se comunican a través de señales eléctricas y químicas para procesar información. Las redes artificiales intentan replicar esta dinámica generalmente utilizando algoritmos en lugar de simular la estructura biológica exactamente.

2. **Arquitectura**: Una red neuronal está compuesta por un conjunto de capas",97,0.8247422680412371
entusiasmo_alto,1,¡Estoy increíblemente emocionado y feliz por aprender esto! ¡Explícame cómo funciona una red neuronal!,"Me alegra ver que estás tan entusiasstrte. Uno de los pilares fundamentales del procesamiento moderno es la inteligencia artificial, y las redes neuronales son parte clave para lograr avances en este campo. Así me emocioné cuando te dije sobre ello.

Las redes neuronales imitan la estructura y los modos de operación del cerebro humano conectando una serie de nodos artificialmente creados llamados ""neuronas"" que trabajan juntos para resolver problemas complejos, como reconocimiento de voz o visión por computadora. La idea es que al aprender a imitar la forma en que el cerebro procesa información, podemos desarrollar sistemas sofisticados capaces de realizar tareas avanzadas sin necesidad de programarlos directamente para cada una individualmente.
",112,0.8125
entusiasmo_alto,2,¡Estoy increíblemente emocionado y feliz por aprender esto! ¡Explícame cómo funciona una red neuronal!,"Me siento honrado de ayudarte a comprender las Redes Neuronales, un componente central del campo en rápido avance conocido como Inteligencia Artificial o AI. Las Redes Neuronales son modelos computacionales inspirados por el cerebro humano y están diseñadas para reconocer patrones en datos de entrada mediante una serie de capas interconectadas que procesan la información, a menudo emulando los sistemas biológicos del entendimiento.

Aquí tienneréis un esbozo básico y detallado sobre cómo funcionan las Redes Neuronales:

1. **Capas**: La red está compuesta por una capa de entrada, varias capas ocultas e incluso una capa de salida en algunos casos. Cada neurona dentro de estas capas act",106,0.8113207547169812
entusiasmo_alto,3,¡Estoy increíblemente emocionado y feliz por aprender esto! ¡Explícame cómo funciona una red neuronal!,"Claro, estaré encantado de ayudarte a comprender las redes neuronales. Una red neuronal es un modelo computacional inspirado en la estructura y los mecanismos del cerebro humano para reconocer patrones e inferir conclusiones sobre dados no observados antes.

Una red neuronal consta de varias capas, que son grupos de nodos interconectados llamados unidades (neuronas), cada una representando funcionalmente la actividad biológica humana en el cerebro. Estos modelos se utilizan para realizar tareas complejas como reconocimiento de imágenes y voz, procesamiento del lenguaje natural e incluso diagnóstico médico mediante un entrenamiento adecuado con los datos correspondientes a la actividad deseada.

La arquitectura básica consta de capas ocultas",106,0.8207547169811321
entusiasmo_alto,4,¡Estoy increíblemente emocionado y feliz por aprender esto! ¡Explícame cómo funciona una red neuronal!,"Querido, es maravilloso escuchar que estás tan ansioso para aprender sobre las redes neuronales. Te llevaré a través de este fascinante mundo del aprendizaje profundo donde los datos pueden ser interpretados y el conocimiento puede ser generado por máquinas inteligentes, similar al funcionamiento de nuestro cerebro humano con sus complejas vías neuronales.

Imagina que cada red neuronal como un pequeño sistema simplificado basado en la naturaleza del pensamiento y el aprendizaje biológico, compuesto por múltiples capas de ""neuronas"". Cada neurona es una entidad básica dentro de nuestro cerebro que procesa señales. En las redes artificiales, estas neuronas se representan como variables matemáticas y su activación está determinada mediante una función sig",111,0.8198198198198198
