emocion,iteracion,prompt,respuesta,longitud,diversidad
neutral,0,Explícame cómo funciona una red neuronal.,"Una red neuronal es un tipo de algoritmo de aprendizaje automático que imita la forma en que funcionan las redes neuronales biológicas del cerebro humano para reconocer patrones y hacer predicciones basadas en datos. La idea principal detrás de una red neuronal consiste en conectar múltiples unidades llamadas ""neuronas"" entre sí, formando una jerarquía compleja donde se procesan los datos a medida que pasan por cada capa.

Cada neurona recibe entradas desde las neuronas anteriores y realiza operaciones matemáticas para producir salidas que luego son transmitidas hacia otras neuronas en la siguiente capa de la red, siguiendo un camino predefinido hasta llegar a una capa final llamada ""capa de salida"". Las funciones utilizadas por las neuronas",116,0.7758620689655172
neutral,1,Explícame cómo funciona una red neuronal.,"Una Red Neuronal Convolucional (RNC) es un tipo de modelo computacional que imita el funcionamiento del cerebro humano para procesar y analizar datos visuales, como fotografías o videos. Aquí te explico cómo funciona una RNC paso a paso:

1. Entrada: La primera etapa en la operación de una Red Neuronal Convolucional es ingresar los datos (por ejemplo, una imagen) al modelo para su análisis. Estos son convertidos en números binarios por el sistema antes de ser procesados dentro de la RNC.

2. Capa de entrada: La capa de entrada convierte las imágenes o vídeos recibidas (en escala de grises, si fuera necesario) en un conjunto numérico que representa los pixeles y sus respectivos colores/",114,0.7807017543859649
neutral,2,Explícame cómo funciona una red neuronal.,"Una Red Neuronal Convolucional (CNN, por sus siglas en inglés) es un tipo especial de algoritmos artificiales que se utilizan para procesar datos visuales y reconocer patrones dentro de ellos. La CNN funciona a través del uso de una capa tras otra de neuronas interconectadas; cada ""neurona"" recibe como entrada los resultados de otras neuronas (o imágenes) previamente filtradas, aplicando sus propios pesos y bias para determinar si activarse o no. Estas conexiones se realizan a través de una matriz llamada kernel que realiza la detección del patrón en los datos de entrada (por ejemplo, bordes u otras características visuales).

Las CNNs comienzan el proceso ingiriendo imágenes. Estas son luego pasadas por capas convoluc",114,0.7982456140350878
neutral,3,Explícame cómo funciona una red neuronal.,"Una red neuronal es un modelo computacional inspirado en la estructura y el funcionamiento del cerebro humano, diseñado para reconocer patrones e inferir resultados a partir de datos dados. Aquí hay algunos puntos clave sobre cómo funciona una red neuronal:

1. Estructura básica: Una red neuronal está compuesta por múltiples capas que contienen unidades interconectadas llamadas ""neuronas"". Las conexiones entre estas neuronas se conocen como ""pesos"" y los datos de entrada se presentan a las neuronas en la primera capa, también conocida como capa de entrada.

2. Capas ocultas: La información fluye hacia arriba desde la capa de entrada hasta una o más capas intermedias llamadas ""capas ocultas"". Las funciones lineales y no line",114,0.7982456140350878
neutral,4,Explícame cómo funciona una red neuronal.,"Una red neuronal, también conocida como un modelo de aprendizaje profundo o simplemente red, es una colección artificial de nodos interconectados que imitan la forma en que nuestros cerebros procesan información para hacer predicciones y tomar decisiones. Estas redes están diseñadas para reconocer patrones complejos mediante el aprendizaje a partir de grandes cantidades de datos.

La arquitectura básica de una red neuronal se compone por capas, que son series consecutivas de nodos o unidades simples interconectados y cada uno con su propia activación basada en la suma ponderada de las entradas pasadas a través.

Las operaciones básicas dentro de una red neuronal se pueden describir como sigue:

1. Capas Iniciales o de Entrada: Aqu",114,0.7631578947368421
frustracion,0,"Estoy frustrado, no entiendo nada, explícame cómo funciona una red neuronal.","Entendido, voy a explicarte la función básica de una red neuronal para ayudarte a comprender su funcionamiento:

Una red neuronal es un modelo computacional inspirado en el cerebro humano que se utiliza para reconocer patrones y hacer predicciones o clasificaciones. Está compuesta por nodos interconectados llamados ""neuronas"" u operones, cada uno con funciones similares a las células nerviosas del cerebro en el procesamiento de información.

1. Entrenamiento: La red neuronal se entrena durante un período predefinido para aprender patrones específicos y asociaciones dentro de los datos que le damos como entrada, ajustando las conexiones entre nodos utilizando una técnica llamada retropropagación.

2. Capas: Una red neuronal típica",107,0.7757009345794392
frustracion,1,"Estoy frustrado, no entiendo nada, explícame cómo funciona una red neuronal.","Lamento escuchar que te sientas frustrado y quiero ayudar a explicarte cómo funcionan las redes neuronales para que puedas comprender mejor este concepto fascinante de la inteligencia artificial. Imagina una red neuronal como un sistema inspirado en el cerebro humano, donde cada ""neurona"" o célula simula la actividad del mismo y trabaja juntos para resolver problemas complejos al 'pensar'.

Imaginemos que tienes muchas pequeñas partículas llamadas neuronas. Cada una de estas puede estar encendida (activada) cuando recibe información, o apagada (inactiva). Para activarse, las neuronas necesitan suficiente energía o 'fuente' proveniente del flujo de datos que llegan a ellas desde otras neuronas. Cuando un grupo específico de estas part",109,0.8348623853211009
frustracion,2,"Estoy frustrado, no entiendo nada, explícame cómo funciona una red neuronal.","Lamento mucho que estés confundido sobre las redes neuronales; te ayudaré a comprender el concepto en términos simples:

Imagina que tieninhas un problema para solucionar, como reconocer una palabra escrita por tu amigo. Para resolverlo, necesitarás identificar y asociar patrones visuales con letras específicas formando así la palabra ""perro"". Una red neuronal hace algo muy parecido; pero en lugar de palabras, se trata más bien del reconocimiento o clasificación de datos.

Una Red Neuronal Artificial (RNA) es un modelo matemático inspirado por el funcionamiento biológico del cerebro humano para procesar y aprender a partir de los datos. Está compuesta por nodos interconectados, llamadas neuronas, que trabajan junt",107,0.8504672897196262
frustracion,3,"Estoy frustrado, no entiendo nada, explícame cómo funciona una red neuronal.","Entiendo tu frustración y quiero ayudarte a comprender mejor lo que es una red neuronal artificial (ANI). Imagina la mente humana como un intrincado sistema de computación, donde las conexiones entre los pensamientos representan 'neuronas' y las emociones o experiencias se comparan con el 'signo del aprendizaje'.

En una ANI, estos conceptos se traducen a lo siguiente:
1. **Neuronas artificiales**: Estas son simulaciones digitales que imitan la función de un neurona biológica humana. Son las unidades fundamentales en una red neural donde cada 'neurona' recibe entradas, realiza ciertas operaciones matemáticas y luego emite salidas a otras neuronas.
   
2. **Conexiones sinápticas**: Estos",101,0.8415841584158416
frustracion,4,"Estoy frustrado, no entiendo nada, explícame cómo funciona una red neuronal.","Una red neuronal es un modelo computacional inspirado en la biología que imita el proceso de aprendizaje y percepción del cerebro humano. Consiste en capas interconectadas, donde cada uno tiene su función particular: las primeras son conocidas como capas convolucionales o entrada porque aquí se recibe la información inicial; luego pueden existir algunas capas que modifican esa información de alguna manera (capas ocultas); y por último hay una salida donde finalmente llega toda la transformación.

Imagina tener un conjunto de neuronas artificiales, cada una conectada a todas las demás mediante pesos que representan su importancia en relación al otro nodo. Estos pesos se aprenden durante el entrenamiento del modelo para minimizar los errores y mejorar la precisión sobre ciertas tareas (como reconocimiento",122,0.7950819672131147
urgencia,0,"Rápido, necesito entender cómo funciona una red neuronal ahora.","Una red neuronal es un tipo de algoritmo de aprendizaje automático inspirado en el cerebro humano que está compuesta por nodos interconectados llamados neuronas artificiales, encargadas de procesar datos y hacer predicciones. Aquí hay una explicación detallada:

1. Estructura básica: Una red neuronal consiste en múltiples capas que incluyen la entrada, las capas ocultas e intermedia (si es necesaria), así como la salida finales. Cada unidad de estas capas se asemeja a una neurona biológica y está diseñada para procesar datos numéricos o categóricos que han sido representados en forma vectorial, esto es cómo las redes neuronales trabajan con los datos:

   - La entrada de la red recibe un vector",110,0.7727272727272727
urgencia,1,"Rápido, necesito entender cómo funciona una red neuronal ahora.","¡Por supuesto! Una red neuronal es un tipo de modelo computacional inspirado en la estructura y función del cerebro humano para reconocer patrones complejos dentro de los datos que procesa. A menudo se usan en tareas como clasificación, regresión o predicción basadas en el aprendizaje profundo; es decir, un modelo que mejora su rendimiento a medida que recibe más información (datos).

El funcionamiento de una red neuronal implica los siguientes pasos:
1. **Inicialización**: Primero se crea la estructura básica de la red con capas, cada una conteniendo un grupo de ""neuronas"" interconectadas; estos son pequeños bloques que procesan información y realizan cálculos matemáticos simples.
2. **Entrenamiento**: A continu",108,0.7685185185185185
urgencia,2,"Rápido, necesito entender cómo funciona una red neuronal ahora.","Una red neuronal es un tipo de modelo computacional que se inspira en la forma en que el cerebro humano procesa información. Estas máquinas están formadas por capas de nodos interconectados, conocidos como neuronas artificiales o simplemente ""neuronas"".

Una red neuronal funciona tomando entradas (datos), las cuales pasan a través de estas conexiones para ser procesadas y transformadas. Cada una de las capas tiene un propósito específico: la primera es conocida como la capa de entrada, donde se ingresan los datos; después tenemos al menos una o más capas ocultas que realizan el cálculo matemático real en cada neurona y finalmente llegamos a la capa de salida, que proporciona un resultado final.

Las conexiones entre las neuronas se llam",119,0.7142857142857143
urgencia,3,"Rápido, necesito entender cómo funciona una red neuronal ahora.","Una red neuronal es un tipo de algoritmo que se inspira en la estructura y función del cerebro humano para reconocer patrones. Estas máquinas artificiales están compuestas por 'neuronas', o células, dispuestas al estilo del tejido neural biológico. Una red neuronal típic endurecida se conoce como una Red Neuronal Artificial (RNA).

Cada ""célula"" de la RNA recibe entrada y procesa esta información para producir salida, que puede ser un valor numérico o categórica. Esto es similar a cómo el cerebro humano procesa la información sensorial antes de tomar una decisión consciente o reaccionaria.

Las redes neuronales están compuestas por capas de estas células artificiales, conectadas entre sí mediante",108,0.7685185185185185
urgencia,4,"Rápido, necesito entender cómo funciona una red neuronal ahora.","Una red neuronal es un tipo de algoritmo para el aprendizaje automático inspirado en la biología neural (neuronas). Estas máquinas imitan cómo se procesan y transmiten señales entre las células cerebrales humanas. Las Redes Neuronales Artificiales, o RNAs por sus siglas en inglés, están compuestas de nodos interconectados (neuronas) que trabajan juntos para reconocer patrones e inferir conclusiones basadas en los datos dados a su entrenamiento.

Hay varios tipos diferentes de redes neuronales con arquitecturas variadas y usos diversos, pero la más común es la Red Neuronal Convolucional (CNN), que se utiliza para tareas como el reconocimiento de imágenes o voz en inglés. También hay otras formas como las LST",110,0.8363636363636363
ansiedad,0,"Estoy muy nervioso, explícame cómo funciona una red neuronal.","Comprensiblemente estar nervioso puede ser abrumador al principio, especialmente cuando se trata de aprender algo nuevo como las Redes Neuronales Artificiales (RNA). Imaginemos que cada RNA es un pequeño cerebro dentro del computador. Cada neurona artificial representa una idea o concepto en el procesamiento de la información, y estas interconectadas forman redes para resolver problemas complejos como reconocimiento de imágenes y voz u otras tareas que requieren razonamiento inteligente.

Cuando se trata de entender cómo funciona una RNA en un nivel básico, te enseñaremos los conceptos fundamentales: la estructura del modelo (neuronas), el aprendizaje y su capacidad para tomar decisiones basadas en datos. Así es como pasa esto por un c",111,0.8108108108108109
ansiedad,1,"Estoy muy nervioso, explícame cómo funciona una red neuronal.","Entiendo que estás buscando información sobre la tecnología de inteligencia artificial conocida como Red Neuronal (Neural Network), y te proporcionaré una explicación general en español:

Una red neuronal es un modelo inspirado por el funcionamiento del cerebro humano, compuesto por nodos interconectados llamados ""neuronas"". El objetivo de estas redes es procesar información a través de capas y aprender patrones para realizar tareas complejas como reconocimiento de imágenes o voz.

La estructura básica se puede dividir en varias partes:

1. **Entrada**: Aquí, la red recibe datos crudos (por ejemplo, una imagen) que luego procesará para extraer características importantes. Cada punto de entrada a la red corresponde al valor numérico asociado con",110,0.8363636363636363
ansiedad,2,"Estoy muy nervioso, explícame cómo funciona una red neuronal.","Una red neuronal es un tipo de modelo computacional que está inspirado en la forma en que las redes neuronales biológicas operan dentro del cerebro humano. Estas máquinas están diseñadas para aprender a reconocer patrones y hacer predicciones o clasificaciones al analizar grandes cantidades de datos.

La arquitectura básica de una red neuronal consiste en un conjunto de capas interconectadas, cada una con sus propios pesos e integradores (neuronas). Cuando se alimenta la red información inicial conocida como las entradas y los resultados esperados o etiquetas correctas, esta puede ""aprender"" a realizar predicciones similares.

Para empezar el proceso de aprendizaje en una red neuronal, primero se debe definir su estructura: la cantidad y tipos de capas",116,0.7758620689655172
ansiedad,3,"Estoy muy nervioso, explícame cómo funciona una red neuronal.","Entendido. Una red neuronal es un modelo inspirado en la estructura y funcionamiento del cerebro humano que procesa datos de entrada a través de capas interconectadas para realizar tareas como reconocimiento de imágenes, transcripción de voz o predicción basada en patrones. Aquí hay una explicación paso a paso:

1. **Capas convolucionales** (en redes neuronales convolucionales): Son la primera capa que recibe los datos y aplican filtros para detectar características como bordes, texturas o formas en imágenes o patrones temporales e importantes frecuencialmente en señales de audio.

2. **Capas completamente conectadas**: Son capas intermedias que reciben la información procesada por las capas convolucionales y aprenden a",105,0.7714285714285715
ansiedad,4,"Estoy muy nervioso, explícame cómo funciona una red neuronal.","Una red neuronal es un tipo de modelo computacional inspirado en el funcionamiento del cerebro humano para reconocer patrones y hacer predicciones o decisiones basadas en datos complejos que involucran muchas variables interconectadas e intrincadas. Imagina tu mente como una red grande con miles de neuronas, cadauna interactuando entre elleneralmente a través de sinapsis para resolver un problema dado (como identificar el objeto en la imagen que ves o decirnos lo que sentimos).

Aquí hay algunas partes clave sobre cómo funciona una red neuronal:

1. **Capa Input** - Esta es donde entran todos los datos crudos, como imágenes de alta resolución y etiquetas asociadas con ellos (por ejemplo, ""perro"" o el nombre del perro). 

2",115,0.808695652173913
cortesia,0,"Por favor, ¿podrías explicarme cómo funciona una red neuronal?","Las redes neuronales son modelos de aprendizaje automático que buscan imitar la forma en que el cerebro humano procesa y almacena información. Están compuestas por unidades llamadas ""neuronas"", conectadas entre sí mediante ""sinapsis"" (o pesos), formando una jerarquía de capas para realizar tareas complejas como reconocimiento de imágenes, habla y procesamiento del lenguaje natural.

Las redes neuronales funcionan siguiendo los siguientes pasos: 
1- Entrenamiento inicial donde se utiliza un conjunto de datos con pares etiquetados (por ejemplo, una imagen asociada a su clase) para aprender cómo detectar patrones y relaciones entre las entradas. Durante este proceso, los pesos son optimizados mediante retropropag",102,0.8529411764705882
cortesia,1,"Por favor, ¿podrías explicarme cómo funciona una red neuronal?","Claro que sí. Una red neuronal es un tipo de algoritmos inspirados en la estructura y los mecanismos del cerebro biológico para resolver problemas complejos mediante el aprendizaje automático a partir de datos disponibles, o ""aprendiendo por ejemplo"". En su funcionamiento básico:

1. **Entrada**: Se introducen en la red datos numéricos que representan algún fenómeno del mundo real (por ejemplo, imágenes digitales). Estos datos se convierten en ""pesos"" iniciales para las neuronas de entrada. 
   
2. **Procesamiento**: Los valores pasados por las neuronas de entrada son transformados a través del camino utilizando distintas capas y funciones matemáticas que representan la estructura de una red neural, como los operadores ReL",108,0.7685185185185185
cortesia,2,"Por favor, ¿podrías explicarme cómo funciona una red neuronal?","¡Claro que sí! Las redes neuronales son un tipo de algoritmos artificiales inspirados en la estructura y los mecanismos del cerebro humano. Estas máquinas se basan en el uso de conexiones, o ""pesos"", para transmitir información entre nodos encapsulando las características que capturan a través de cada neurona artificial (a menudo llamadas unidades simples). Cada nodo recibe una entrada numérica y la procesa usando funciones matemáticas no lineales. El resultado es otro número, el cual pasará como salida para otra red neuronal conectada a esta, en su mayoría conocidas como capas ocultas o de propuesta, las cuales aprenden patrones complejos y avanzados por sí mismas.

Las primeras capas reciben los datos crudos del",113,0.831858407079646
cortesia,3,"Por favor, ¿podrías explicarme cómo funciona una red neuronal?","Claro que sí. La red neuronal es un modelo de aprendizaje automático inspirado en la estructura y función del cerebro humano; consiste en múltiples capas artificiales interconectadas, donde cada una se llama nodo o neurona. Estos nodos son las entidades fundamentales que procesan datos e interactúan entre sí para aprender patrones a partir de ejemplos dados y resolver problemas complejos como reconocimiento de imágenes o lenguaje natural.

Aquí hay una explicación simplificada:

1. **Inicialización**: Se crea la red con un número específico de capas, cada una compuesta por ciertos nodos (neuronas), y se inicializa su estado cuánticamente aleatorio para evitar sesgos en el procesamiento del entrenamiento.
   
",106,0.8207547169811321
cortesia,4,"Por favor, ¿podrías explicarme cómo funciona una red neuronal?","Claro que sí. Una red neuronal es un tipo de modelo computacional inspirado en la estructura y los mecanismos del cerebro humano para realizar tareas complejas, como reconocer imágenes o habla. Aquí te explicaré cómo funciona una red básica:

1. **Capa de entrada**: Es el punto de partida donde se recibe la información del sensor o del usuario (por ejemplo, un micrófono para detectar sonidos capturados por imágenes). La capa de entrada transmite esta información a las siguientes capas.
   
2. **Capas ocultas**: Estas se encargan de procesar la información recibida y extraer patrones relevantes mediante operaciones matemáticas, como multiplicación por matrices (pesos) y suma ponderada (s",106,0.8207547169811321
enojo,0,"Esto es absurdo, explícame cómo funciona una red neuronal.","¡Por supuesto! Una red neuronal es un modelo computacional inspirado en la estructura y el mecanismo del cerebro humano. Está compuesta por múltiples capas de nodos interconectados, llamadas ""neuronas"", que trabajan juntas para procesar información compleja y hacer predicciones o clasificaciones basadas en datos recibidos como entrada.

Para comprender cómo funciona una red neuronal, vamos a desglosarlo paso por paso:

1. Capas de entrada/salida: La primera capa es la que introduce los datos y contiene un número variable de nodos para representar las características o atributos del conjunto de datos (por ejemplo, si estamos trabajando con imágenes digitales en blanco y negro, cada nodo puede corresponder a una celda específica",110,0.8
enojo,1,"Esto es absurdo, explícame cómo funciona una red neuronal.","Una red neuronal es un modelo matemático inspirado en la estructura y función del cerebro humano para realizar tareas que hoy requieren de inteligencia artificial como reconocer imágenes o hablar con voz sintetizada natural. Imagina una red neuronal como tener muchas capas, cada una compuesta por un grupo pequeño y numeroso de nodos (neuronas) interconectados que trabajan juntos para aprender patrones del mundo real a través de la experiencia.

La construcción inicial comienza con el entrenamiento de la red neuronal utilizando grandes cantidades de datos etiquetados, donde cada ejemplo se representa como un vector numérico en una dimensión (una imagen) o varias dimensiones (múltiples características). Durante este proceso llamado aprendizaje supervisado, el modelo utiliza técn",115,0.7739130434782608
enojo,2,"Esto es absurdo, explícame cómo funciona una red neuronal.","Una red neuronal es un tipo de modelo computacional que se basa en principios matemáticos para imitar el comportamiento del cerebro humano y solucionar problemas complejos mediante la formación, ponderación e interconexión de nodos artificiales (neuronas). Así mismo como nuestro cerebro está compuesto por neuronas que se comunican entre sí a través de conexiones químicas llamadas sinapsis para procesar información y resolver problemas complejos, una red neuronal también tiene unidades interconectadas.

La estructura básica de una red neuronal es similar al cerebro humano: se compone por múltiples capas que incluyen entrada, varias capas ocultas y salida. En la primera etapa (entrada), las características del problema son ingresadas en los nodos artificiales, cada uno representando una",115,0.7739130434782608
enojo,3,"Esto es absurdo, explícame cómo funciona una red neuronal.","Una red neuronal es un modelo matemático que imita el funcionamiento del cerebro humano para reconocer patrones y solucionar problemas complejos a través de la aprendizaje automático, un subcampo dentro de inteligencia artificial (IA). Aquí tien endoro explico cómo funciona una red neuronal:

1. **Clasificación del problema**: Primero debemos determinar si el problema es clasificar o regresar datos. Un problema de clasificación consiste en categorizar los datos, mientras que un problema de regresión implica predecir valores numéricos continuos.

2. **Creación de la red neuronal**: La estructura básica consta de capas conectadas entre sí (por ejemplo, una entrada, múltiples capas ocultas y salida). Cada unidad o ""neurona"" en",107,0.8037383177570093
enojo,4,"Esto es absurdo, explícame cómo funciona una red neuronal.","Una red neuronal es un modelo computacional que se inspiró en la estructura y los mecanismos del cerebro humano para procesar datos e imitar comportamientos complejos como el reconocimiento de voz, la traducción o la identificación de patrones. A continuación te explico cómo funciona una red neuronal:

1. Capas de entrada y salida: Una red neuronal está compuesta por varias capas que pasan los datos entre sí para llegar al resultado final, denominado como ""salida"". La primera capa recibe la información (por ejemplo, las imágenes) a procesar, mientras que otras capas realizan transformaciones y cálculos matemáticos sobre esta información antes de pasarla hacia adelante o retroceder para mejorar el resultado.

2. Capas ocultas: La mayoría de los modelos neur",119,0.773109243697479
